Child_ID,Name,Goodness_Rank
1,Roman,2
2,Yui,3
3,Kento,1
4,Irina,3
5,Corina,1
6,Calliope,2
7,Anamaria,3
8,Ileana,2
9,Feng,3
10,Hui,1
11,Athena,2
12,Hyun-woo,2
13,Noah,2
14,Aaradhya,2
15,Min-jun,2
16,Hassan,2
17,Folami,2
18,Adam,1
19,Solomon,2
20,Xia,2
21,Aoi,3
22,Roya,1
23,Folami,3
24,Advait,3
25,Ekaterina,3
26,Jason,2
27,Sofia,1
28,Quan,3
29,Leah,3
30,Rostam,2
31,Ling,3
32,Quan,3
33,Diego,3
34,Samira,3
35,Naomi,3
36,Miruna,3
37,Ratana,1
38,Sebastian,3
39,Sorin,2
40,Ibrahim,3
41,Niamh,1
42,Alisa,2
43,Raisa,1
44,Cassandra,3
45,Yaroslav,2
46,Elizaveta,3
47,Aisha,2
48,Yohannes,3
49,Kwame,3
50,Gustav,3
51,Min-jun,3
52,Hye-jin,2
53,Arthit,1
54,Koki,3
55,Leonid,2
56,Klaus,3
57,Leila,2
58,Sanaa,1
59,Jamal,1
60,Dragos,3
61,Derya,2
62,Daria,3
63,Babajide,2
64,Thanh,2
65,Niamh,3
66,Anastasiya,2
67,Maxim,2
68,Tsion,2
69,Cassandra,3
70,Teodora,2
71,Ioan,1
72,Marina,3
73,Haile,3
74,Cheng,1
75,Tatiana,2
76,Benjamin,2
77,Zalika,3
78,Sanda,1
79,Svetlana,2
80,Florin,2
81,Kofi,2
82,Aisha,1
83,Makena,2
84,Ahmed,1
85,Abena,3
86,Sergei,3
87,Adanna,1
88,Oliver,1
89,Ciprian,2
90,Roya,2
91,Sofia,3
92,Gustav,2
93,Cyrus,3
94,Anders,3
95,Zhen,3
96,Divya,3
97,Caoimhe,3
98,Radu,3
99,Sorin,2
100,Valentin,2
101,Ludmila,2
102,Grigory,1
103,Amira,2
104,Zinaida,1
105,Chukwudi,1
106,Pensri,2
107,Shaurya,2
108,Abdullah,2
109,Ibrahim,2
110,Emine,3
111,Klaus,1
112,Pavel,2
113,Sofiya,3
114,Vitaly,2
115,Kareem,2
116,Erik,3
117,Nikolai,2
118,Priya,3
119,Dragos,3
120,Marina,2
121,Victor,3
122,Madalina,1
123,Yan,1
124,Ilya,2
125,Mariana,1
126,Ratana,1
127,Hassan,3
128,Hoa,3
129,Jason,3
130,Oscar,3
131,Elif,3
132,Ayse,2
133,Anastasia,3
134,Jing,1
135,Nasrin,2
136,Luis,1
137,Yusuf,2
138,Marina,1
139,Mehdi,2
140,Leonidas,2
141,Magnus,2
142,Lars,3
143,Ali,3
144,Wei,2
145,Yulia,1
146,Xiu,2
147,Ludmila,3
148,Hamza,3
149,Duc,3
150,Van,2
151,Osman,3
152,Van,2
153,Ekaterina,3
154,Shanaya,1
155,Arjun,2
156,Ksenia,3
157,Linnea,3
158,Kaveh,2
159,Diana,3
160,Abigail,2
161,Natasha,2
162,Oleg,2
163,Daniel,2
164,Jabari,2
165,Yusuf,3
166,Gheorghe,3
167,Dev,3
168,Lars,2
169,Ishaan,2
170,Raj,3
171,Leonidas,3
172,Getachew,2
173,Haile,1
174,Oscar,3
175,Golnar,3
176,Emre,2
177,Fatima,3
178,Vitaly,3
179,Yasmin,2
180,Timofey,2
181,Yusuf,2
182,Daniil,2
183,Rania,3
184,Yusuf,3
185,Yulia,3
186,Miu,1
187,Shanaya,3
188,Niran,2
189,Adriana,2
190,Mihai,1
191,Ali,1
192,Eden,2
193,Krishna,2
194,Amine,1
195,Golnar,2
196,Min-seo,2
197,Miguel,1
198,Roman,2
199,Luminita,2
200,Svetlana,2
201,Mustafa,2
202,Yasmin,2
203,Leonid,3
204,Dev,2
205,Natasha,2
206,Cristian,1
207,Sigrid,2
208,Min-jun,3
209,Nicoleta,2
210,Teodora,2
211,Ji-woo,2
212,Nanami,2
213,Ion,2
214,Mehmet,3
215,Rebecca,2
216,Stela,2
217,Natalia,2
218,Linnea,3
219,Malai,3
220,Noah,1
221,Sean,3
222,Luminita,3
223,Rahel,2
224,Rahel,2
225,Ethan,3
226,Ghita,1
227,Ion,2
228,Oliver,2
229,Vitaly,1
230,Thanos,3
231,Roxana,2
232,Oluwaseun,3
233,Helena,3
234,Wei,2
235,Thanos,2
236,Adrian,2
237,Eugenia,3
238,Sanda,3
239,Radu,3
240,Silvia,2
241,Sofia,3
242,Raj,1
243,Karim,2
244,Constantin,1
245,Yasmin,2
246,Rodica,2
247,Pavel,2
248,Chinua,3
249,Hamza,3
250,Merve,3
251,Arjun,1
252,Arjun,3
253,Conor,3
254,Valentina,3
255,Elena,3
256,Seo-yeon,3
257,Oluwadamilare,2
258,Camila,1
259,Ahmed,3
260,Malee,2
261,Vasilisa,3
262,Nur,1
263,Erik,2
264,Tamara,2
265,Dmitry,3
266,Mirela,3
267,Rafael,2
268,Adebola,3
269,Ishaan,3
270,Anastasia,3
271,Eugenia,1
272,Hina,3
273,Zeynep,1
274,Hong,3
275,Elsa,1
276,Daniela,1
277,Cassandra,3
278,Cristian,2
279,Xia,3
280,Min-seo,2
281,Hamza,2
282,Raluca,3
283,Miriam,3
284,Sofia,3
285,Marius,1
286,Chidi,3
287,Wu,1
288,Alexei,3
289,Stela,2
290,Yang,2
291,Anastasiya,2
292,Mikhail,2
293,Magnus,2
294,Suda,2
295,Ahmed,3
296,Atlas,3
297,Oliver,2
298,Vasile,1
299,Dalia,2
300,Ekaterina,2
301,Ji-woo,2
302,Vladimir,2
303,Rin,2
304,Hamza,2
305,Babajide,3
306,Declan,2
307,Ibrahim,2
308,Arthit,3
309,Min-jun,3
310,Hui,2
311,Yusuf,3
312,Kwame,2
313,Carmen,3
314,Advik,2
315,Elif,2
316,Charlotte,2
317,Pranee,2
318,Cassandra,3
319,Tiberiu,2
320,Cristina,3
321,Brandusa,1
322,Pranee,2
323,Obinna,2
324,Amara,3
325,Min-jun,3
326,Mariana,2
327,Yasmin,3
328,Gheorghe,3
329,Sarah,2
330,Brendan,3
331,Dmitri,3
332,Cosmin,1
333,David,3
334,Aisha,1
335,Amani,2
336,Reyansh,3
337,Hassan,3
338,Michael,2
339,Traian,1
340,Ilya,2
341,Lucian,2
342,Nadia,1
343,Kaveh,1
344,Fatima,3
345,Daniela,3
346,Elsa,2
347,Zaid,2
348,Advait,3
349,Chinua,2
350,Karim,1
351,Mihaela,2
352,Javier,2
353,Nicoleta,3
354,Chidi,3
355,Layla,3
356,Ali,1
357,Babajide,2
358,Mihaela,1
359,Mei,3
360,Eugen,2
361,Tatiana,3
362,Clara,3
363,Saki,1
364,Constantin,3
365,Chioma,3
366,Vasilisa,2
367,Tuan,3
368,Marina,3
369,Karim,1
370,Solomon,2
371,Nur,2
372,Babak,1
373,Jin,3
374,Golnar,2
375,Niran,1
376,Liviu,1
377,Marcel,2
378,Aisha,1
379,Ivan,2
380,Zara,2
381,Ingrid,2
382,Eugen,3
383,Nikolai,2
384,Miu,2
385,Yasmin,3
386,Folami,2
387,Avani,2
388,Omar,3
389,Hae-won,2
390,Amir,1
391,Said,1
392,Valeriu,1
393,Irina,2
394,Nasrin,3
395,Isabella,2
396,Ghita,2
397,Cosmina,2
398,Salma,3
399,Haile,2
400,Safiya,3
401,Declan,2
402,Rostam,3
403,Grigory,1
404,Sara,2
405,Mikhail,3
406,Arkady,3
407,Teodora,1
408,Klaus,2
409,Da-eun,2
410,Rachid,2
411,Freya,2
412,Adebola,2
413,Elena,2
414,Aurel,2
415,Reda,2
416,Aurel,2
417,Daniel,2
418,Ivan,2
419,Monica,3
420,Radu,3
421,Ali,3
422,Shirin,2
423,Koki,3
424,Dumitru,2
425,Marcel,2
426,Omar,2
427,Sigrid,3
428,Olayinka,3
429,Oana,2
430,Riku,2
431,Dragos,3
432,Emre,3
433,Axel,2
434,Myra,3
435,Malai,2
436,Lan,1
437,Ibrahim,2
438,Aanya,1
439,Irina,2
440,Tuan,2
441,Aisha,2
442,Khalid,2
443,Ali,3
444,Hassan,3
445,Elena,3
446,Lan,3
447,Parviz,2
448,Tatiana,1
449,Raisa,2
450,Min-ho,2
451,Malik,3
452,Sofia,2
453,Alina,1
454,Carmen,3
455,Atlas,2
456,Layla,2
457,Ebba,1
458,Maya,3
459,Yared,3
460,Axel,2
461,Azar,2
462,Liviu,3
463,Zara,2
464,Delia,1
465,Nadezhda,3
466,Said,1
467,Nadezhda,3
468,Tewodros,3
469,Sean,3
470,Octavian,2
471,Freya,2
472,Arkady,1
473,Yared,2
474,Yuki,2
475,Samuel,3
476,Oluwadare,2
477,Valentina,3
478,Bjorn,1
479,Vitaly,2
480,Anders,3
481,Valentina,2
482,Shahin,3
483,Sorin,1
484,Solomon,3
485,Anh,3
486,Maja,1
487,Dana,2
488,Irina,2
489,Cassandra,1
490,Valentina,3
491,Ioan,3
492,Ibrahim,3
493,Dragos,1
494,Veronika,3
495,Mehmet,3
496,Aisha,3
497,Petru,3
498,Samuel,2
499,Hye-jin,2
500,Ji-woo,2
501,Nanami,2
502,Maryam,3
503,Nikolai,2
504,Oscar,2
505,Andreea,3
506,Dumitru,2
507,Layla,2
508,Ksenia,3
509,Cosmin,2
510,Camila,2
511,Tatiana,2
512,Leonidas,2
513,Roman,2
514,Dragos,3
515,Abdullah,1
516,Mongkut,2
517,Cyrus,2
518,Hae-won,2
519,Esra,3
520,Ciprian,3
521,Aisha,2
522,Tamara,1
523,Sergei,2
524,Yuri,2
525,Oluwaseun,3
526,Jun,3
527,Traian,2
528,Tae-hyung,2
529,Marcel,3
530,Seo-yeon,1
531,Suda,2
532,Yasmin,3
533,Ivan,1
534,Ahmad,1
535,Radu,3
536,Valentina,2
537,Sofiya,2
538,Lin,3
539,Nadia,2
540,Ivan,3
541,Sebastian,3
542,Stepan,3
543,Ji-woo,1
544,Kofi,2
545,Malika,3
546,Dmitri,3
547,Kenzo,3
548,Yuri,2
549,Ionut,2
550,Stepan,1
551,Malik,1
552,Min-jun,2
553,Valentina,2
554,Hui,2
555,Bridget,2
556,Camila,2
557,Rafael,2
558,Natalia,2
559,Fiona,3
560,Zhen,1
561,Mikhail,3
562,Boris,3
563,Luis,1
564,Anastasia,3
565,Arthit,3
566,Bethlehem,3
567,Avani,2
568,Hiroto,2
569,Rebecca,2
570,Pavel,2
571,Adam,1
572,Huong,3
573,Miguel,2
574,Kabir,3
575,Brendan,2
576,Ji-hun,3
577,Ahmed,3
578,Aanya,3
579,Hieu,3
580,Brendan,3
581,Natalia,1
582,Tao,3
583,Seo-yeon,2
584,Aisha,3
585,Eun-ji,2
586,Chinua,1
587,Adela,2
588,Galina,2
589,Timofey,2
590,Teodora,1
591,Nils,2
592,Dat,1
593,Anya,3
594,Shahin,3
595,Chioma,2
596,Mariana,3
597,Ksenia,3
598,Patrick,3
599,Aoife,3
600,Ksenia,3
601,Ying,2
602,Artem,2
603,Amina,2
604,Yohannes,3
605,Golnar,3
606,Aarav,2
607,Artem,3
608,Victor,2
609,Stepan,1
610,Reyansh,3
611,Zineb,2
612,Ecaterina,2
613,Mina,3
614,Qing,2
615,Chinua,2
616,Malai,3
617,Victoria,3
618,Chloe,3
619,Dalia,1
620,Reyansh,1
621,Folami,3
622,Ali,3
623,Adebola,2
624,Rin,3
625,Mihaela,2
626,Cyrus,2
627,Lars,3
628,Ling,1
629,Duc,3
630,Ngoc,3
631,Yui,2
632,Jing,1
633,Aurel,1
634,Zeynep,2
635,Joseph,1
636,Arkady,2
637,Britta,3
638,Oscar,3
639,Ahmed,3
640,Valentina,3
641,Niran,2
642,Rebecca,3
643,Vitaly,3
644,Jonathan,2
645,Sakda,3
646,Sergiu,3
647,Catalin,3
648,Emre,1
649,Nikolai,2
650,Ibrahim,2
651,Reyansh,2
652,Cheng,3
653,Ghita,1
654,Samuel,2
655,Yaroslav,2
656,Yuki,1
657,Ye-jin,2
658,Vitaly,2
659,Astrid,2
660,Radu,3
661,Angela,3
662,Lyudmila,3
663,Hirut,2
664,Charlotte,2
665,Zara,3
666,Daniela,2
667,Anya,3
668,Ivan,3
669,Alexei,3
670,Jin-woo,2
671,Alisa,1
672,Gheorghe,1
673,Dana,2
674,Ahmad,1
675,Gheorghe,2
676,Raluca,2
677,Mei,2
678,Hannah,2
679,Priya,3
680,Tendai,2
681,Amir,2
682,Liam,3
683,Aidan,2
684,Ali,2
685,Ghita,3
686,Hong,2
687,Alexei,1
688,Adela,2
689,Amine,2
690,Kareem,2
691,Vihaan,3
692,Sofia,2
693,Seo-yeon,1
694,Igor,3
695,Ruth,2
696,Ileana,3
697,Cristian,1
698,Dev,3
699,Amina,1
700,Min-seo,1
701,Tae-hyung,2
702,Layla,3
703,Elsa,2
704,Natasha,2
705,Layla,2
706,Abigail,1
707,Sarah,2
708,Abdullah,2
709,Sofiya,2
710,Hana,2
711,Kabir,2
712,Yuki,1
713,Min-jun,3
714,Gheorghe,2
715,Sven,3
716,Folami,2
717,Ion,1
718,Cristina,1
719,David,2
720,Carmen,3
721,Riku,1
722,Hana,2
723,Ji-hun,3
724,Thanos,2
725,Axel,2
726,Bogdan,3
727,Parisa,3
728,Stela,3
729,Isabella,3
730,Phoebe,3
731,Ekaterina,2
732,Klaus,2
733,Radu,3
734,Khalil,1
735,Roya,1
736,Ruth,3
737,Bogdan,1
738,Daniil,2
739,Mia,2
740,Thanos,3
741,Nikolai,2
742,Bogdan,2
743,Houda,2
744,Thanos,3
745,Jamal,1
746,Lucian,2
747,Hyun-woo,1
748,Andrei,1
749,Adela,1
750,Siobhan,3
751,So-yeon,2
752,Nadia,2
753,Rahel,2
754,Hatice,2
755,Patrick,2
756,Daniel,2
757,Marius,2
758,Ahmad,2
759,Razvan,1
760,Margarita,3
761,Sota,3
762,Michael,3
763,Chai,3
764,Ebba,2
765,Vasile,1
766,Yan,1
767,Ahmet,3
768,Nils,3
769,Feng,2
770,Dorin,3
771,Mikhail,3
772,Pavel,2
773,Apollo,2
774,Da-eun,1
775,Lan,1
776,Min-seo,1
777,Anh,2
778,Ingrid,1
779,Mei,3
780,Derya,2
781,Veronika,2
782,Finn,3
783,Tigist,1
784,Pavel,1
785,Anastasia,1
786,Cheng,2
787,Chioma,3
788,Zara,1
789,Seo-yeon,2
790,Chloe,2
791,Ivan,1
792,Sanda,2
793,Patrick,2
794,Trang,2
795,Koki,3
796,Daniela,1
797,Yaroslav,3
798,Jin-woo,2
799,Mohammed,1
800,Yuri,2
801,Kiet,2
802,Marina,2
803,Mihaela,2
804,Hamza,2
805,Elena,3
806,Amir,3
807,Nicoleta,2
808,Atlas,3
809,Jamshid,2
810,Vasile,3
811,Maria,1
812,Sofia,3
813,Eden,2
814,Oluwadamilare,1
815,Sofia,2
816,Marina,1
817,Catalin,2
818,Hassan,1
819,Daniel,2
820,Gustav,1
821,Ecaterina,1
822,Alexander,3
823,Dumitru,3
824,Dumitru,2
825,Ludmila,3
826,Dat,2
827,Mirela,1
828,Kiet,1
829,Daniil,2
830,Raluca,2
831,Abigail,2
832,Elena,2
833,Aisha,2
834,Liam,1
835,Zalika,3
836,Advik,2
837,Jin,3
838,Zainab,3
839,Alexander,2
840,Cristina,1
841,Jonathan,2
842,Pavel,3
843,Hamza,3
844,Boris,2
845,Tendai,2
846,Aoi,3
847,Andrei,2
848,Advik,2
849,Dumitru,2
850,Bogdan,1
851,Carmen,1
852,Rachel,3
853,Mia,3
854,Sofia,3
855,Rebecca,2
856,Daria,3
857,Zalika,2
858,Mihaela,2
859,Valeriu,2
860,Wu,2
861,Daniel,3
862,Nur,3
863,Kiet,1
864,Sebastian,2
865,Brendan,3
866,Victor,3
867,Zuri,3
868,Senait,2
869,Silvia,3
870,Oliver,2
871,Sofia,3
872,Ali,3
873,Elena,1
874,Mikhail,3
875,Zuri,2
876,Elizaveta,2
877,Maria,2
878,Chidi,2
879,Aisha,2
880,Olga,2
881,Trang,1
882,Layla,3
883,Samuel,3
884,Fatima,3
885,Tamara,3
886,William,3
887,Daniel,3
888,Tigist,3
889,Niamh,2
890,Tendai,1
891,David,3
892,Apollo,1
893,Zainab,1
894,Anika,2
895,Vitaly,2
896,Fatma,2
897,Gustav,2
898,Chloe,2
899,Leonid,1
900,Ksenia,3
901,Amira,1
902,Gustav,1
903,Omar,2
904,Henrik,3
905,Michael,3
906,Victor,2
907,Omar,2
908,Angela,2
909,Lin,2
910,Sofia,2
911,Nanami,3
912,Grigory,3
913,Igor,2
914,Ileana,2
915,Zineb,3
916,Cosmina,1
917,Nils,2
918,Ling,2
919,Mihaela,3
920,Luis,2
921,Daniel,1
922,Andrey,2
923,Hina,1
924,Hyun-woo,3
925,Rania,1
926,Oana,2
927,Nikolai,1
928,Alexander,2
929,Ingrid,3
930,Nikolai,2
931,Teodora,2
932,Jabari,2
933,Hamza,3
934,Leonid,3
935,Safiya,2
936,Hung,1
937,Advait,3
938,Adanna,3
939,Mayuri,1
940,Chidi,2
941,Jun,1
942,Solomon,2
943,Hana,3
944,Mirela,2
945,Sara,2
946,Siobhan,3
947,Rachid,3
948,Arthit,3
949,Elena,3
950,Vasile,2
951,Arjun,1
952,Stefan,3
953,Sofia,3
954,Helga,2
955,Hatice,3
956,Radu,1
957,Tsion,3
958,Raj,3
959,Roxana,2
960,Anders,3
961,Aaradhya,1
962,Tuan,2
963,Ivan,2
964,Valentina,3
965,Anders,3
966,Azita,2
967,Ye-jin,2
968,Daria,2
969,Vasilisa,3
970,Duc,3
971,Valentina,3
972,Soo-jin,2
973,Cristian,2
974,Linh,2
975,Finn,2
976,Sinead,3
977,Pitch,3
978,Karim,2
979,Ileana,3
980,Shanaya,3
981,Maxim,3
982,Conor,1
983,Lalita,3
984,Yohannes,2
985,Maryam,2
986,Tamara,2
987,Luminita,1
988,Min-ho,1
989,Ji-woo,2
990,Thuy,3
991,Hirut,2
992,Diego,3
993,Yamato,2
994,Dumitru,2
995,Maya,3
996,Joon-ho,2
997,Anika,2
998,Daria,3
999,Astrid,3
1000,Ludmila,3
1001,Nanami,2
1002,Jamal,2
1003,Radu,3
1004,Kofi,2
1005,Kento,2
1006,Dalia,2
1007,Yui,2
1008,Helena,2
1009,Ming,2
1010,Karim,2
1011,Chloe,2
1012,Naomi,2
1013,Babak,2
1014,Golnar,3
1015,Saoirse,1
1016,Folake,1
1017,Nasrin,2
1018,Ebba,2
1019,Sven,3
1020,Hae-won,2
1021,Aisha,3
1022,Cosmin,2
1023,Mikhail,3
1024,Natasha,3
1025,Krishna,1
1026,Azar,3
1027,Eun-ji,1
1028,Klaus,3
1029,Min-jun,3
1030,Omar,3
1031,Olayinka,2
1032,Sebastian,3
1033,Leonid,2
1034,Maria,3
1035,Laurentiu,1
1036,Noor,2
1037,Babajide,2
1038,Makeda,1
1039,Javier,2
1040,Zalika,2
1041,Carlos,2
1042,Tekle,3
1043,Feng,2
1044,Huong,3
1045,Ali,3
1046,Marina,3
1047,Maria,3
1048,Siobhan,2
1049,Shaurya,3
1050,Tuan,3
1051,Razvan,1
1052,Samuel,2
1053,Miu,2
1054,Fatima,2
1055,Hung,3
1056,Adam,3
1057,Anh,3
1058,Thuy,3
1059,Axel,2
1060,Folake,2
1061,Elsa,3
1062,Li,3
1063,Chioma,3
1064,Anaya,2
1065,Esra,1
1066,Caoimhe,2
1067,Adela,3
1068,Vitaly,2
1069,Hye-jin,2
1070,Radu,3
1071,Adrian,3
1072,Adanna,2
1073,Eileen,2
1074,Advik,1
1075,Thor,1
1076,Ahmed,2
1077,Delia,3
1078,Emine,3
1079,Zineb,2
1080,Azita,3
1081,Luis,2
1082,Advik,1
1083,Mikhail,2
1084,Oleg,2
1085,Charlotte,3
1086,Leah,3
1087,Doina,2
1088,Pichai,3
1089,Marina,3
1090,Anaya,2
1091,Yuna,1
1092,Anh,2
1093,Astrid,2
1094,Elif,3
1095,Nils,3
1096,Isabel,1
1097,Kenzo,2
1098,Shaurya,2
1099,Santiago,3
1100,Koki,2
1101,Delia,2
1102,Athena,1
1103,Ionut,2
1104,Florin,2
1105,Ahmet,2
1106,Esra,2
1107,Alexei,3
1108,Linh,2
1109,Hui,3
1110,Lyudmila,1
1111,Mia,3
1112,Valentina,3
1113,Clara,1
1114,Daniil,3
1115,Reda,1
1116,Olga,3
1117,Daria,2
1118,Malika,3
1119,Florin,3
1120,Phoebe,1
1121,William,1
1122,Fatima,3
1123,Hassan,1
1124,Leila,1
1125,Miguel,3
1126,Olga,2
1127,Cosmin,3
1128,Sofia,3
1129,Aanya,3
1130,Mariana,2
1131,Anaya,3
1132,Olga,3
1133,Solomon,1
1134,Maria,3
1135,Madalina,1
1136,Shahin,2
1137,Wei,3
1138,Seo-yeon,1
1139,Min-jun,2
1140,Dragos,3
1141,Adanna,2
1142,Parviz,1
1143,Hiroto,1
1144,Anh,2
1145,Ekaterina,3
1146,Ekaterina,3
1147,Tewodros,2
1148,Dumitru,3
1149,Sergiu,2
1150,Min-ho,2
1151,Raj,2
1152,Oana,3
1153,Yan,3
1154,Esra,3
1155,Chioma,2
1156,Roya,1
1157,Simona,1
1158,Olayinka,3
1159,Yui,3
1160,Tao,2
1161,Linh,3
1162,Hasan,3
1163,Hung,2
1164,Corina,2
1165,Aisha,3
1166,Helena,3
1167,Penelope,1
1168,Adanna,1
1169,Mirela,1
1170,Aoife,2
1171,Teodora,3
1172,Liam,1
1173,Arash,2
1174,Olga,3
1175,Hung,1
1176,Emre,1
1177,Lars,3
1178,Noah,2
1179,Haruto,3
1180,Victoria,2
1181,Axel,2
1182,Fiona,2
1183,Karim,1
1184,Irina,1
1185,Galina,1
1186,Jamal,2
1187,Min-ho,2
1188,Samuel,3
1189,Felix,2
1190,Aidan,2
1191,Maria,1
1192,Mehdi,2
1193,Luna,2
1194,Anastasia,3
1195,Duc,1
1196,Florin,2
1197,Kiet,2
1198,Adriana,2
1199,Dumitru,2
1200,Rania,1
1201,Astrid,3
1202,Joon-ho,3
1203,Freya,2
1204,Adriana,2
1205,Layla,2
1206,Sakda,3
1207,Yoo-jin,3
1208,Hassan,2
1209,Priya,1
1210,Gabriela,2
1211,Razvan,1
1212,Yamato,2
1213,Fatima,3
1214,Alina,1
1215,Ravi,1
1216,Tatiana,1
1217,Elena,2
1218,Marius,2
1219,Zinaida,3
1220,Oana,3
1221,Arash,2
1222,Noah,2
1223,Vladimir,3
1224,Seo-yeon,1
1225,Bogdan,2
1226,Obinna,1
1227,Zaid,2
1228,Sorin,1
1229,Cosmin,1
1230,Thuy,2
1231,Orion,2
1232,Malai,1
1233,Marina,3
1234,Elif,1
1235,Van,2
1236,Fatima,3
1237,Mayuri,2
1238,Makena,1
1239,Mai,1
1240,Eden,3
1241,Stavros,2
1242,Folami,3
1243,Lucia,3
1244,Marius,2
1245,Freja,3
1246,Svetlana,2
1247,Yuri,3
1248,Jamal,3
1249,Cristina,2
1250,Vitaly,3
1251,Zalika,2
1252,Feng,1
1253,Igor,2
1254,Apollo,3
1255,Shahin,2
1256,Simona,1
1257,Jorge,3
1258,Santiago,2
1259,Leonidas,2
1260,Meskerem,2
1261,Lan,3
1262,Kwame,3
1263,Sara,2
1264,Temitope,2
1265,Sung-min,3
1266,Sofia,2
1267,Yang,3
1268,Delia,2
1269,Sophia,1
1270,Babajide,2
1271,Ksenia,2
1272,Min-seo,3
1273,Petru,2
1274,Soo-jin,1
1275,Chen,2
1276,Jun,3
1277,Tewodros,2
1278,Abigail,2
1279,Bogdan,1
1280,Stela,3
1281,Babak,3
1282,Wei,2
1283,Chinua,2
1284,Yasmin,2
1285,Koki,1
1286,Adanna,1
1287,Azita,3
1288,Saki,3
1289,Andreea,2
1290,Duc,3
1291,Silvia,1
1292,Dara,3
1293,Calliope,1
1294,Omar,2
1295,Artem,3
1296,Aoife,2
1297,Monica,1
1298,Hong,2
1299,Fatima,2
1300,Carmen,2
1301,Niamh,3
1302,Ghita,2
1303,Chioma,2
1304,Nicolae,3
1305,Razvan,2
1306,Seung-hyun,2
1307,Jason,1
1308,Leonid,2
1309,Sara,2
1310,Yang,2
1311,Hirut,3
1312,Arash,3
1313,Eileen,2
1314,Azita,2
1315,Ratana,2
1316,Dana,2
1317,Do-yoon,3
1318,Soo-jin,2
1319,Nikolai,2
1320,Ivan,3
1321,Bogdan,3
1322,Ji-woo,3
1323,Olga,3
1324,Vasile,2
1325,Yared,2
1326,Zahra,3
1327,Boris,3
1328,Hassan,3
1329,Sanaa,2
1330,Sofia,2
1331,Gheorghe,3
1332,Britta,2
1333,Osman,3
1334,Maya,2
1335,Lin,3
1336,Roman,1
1337,Penelope,2
1338,Ying,2
1339,Reda,2
1340,Sofia,1
1341,Hong,2
1342,Nikita,3
1343,Jonathan,2
1344,Zeynep,3
1345,Makena,2
1346,Igor,1
1347,Andrey,2
1348,Mohammed,2
1349,Tatiana,3
1350,Angela,3
1351,Zineb,1
1352,Alexei,1
1353,Constantin,2
1354,Emine,2
1355,Bethlehem,2
1356,Abena,3
1357,Alina,3
1358,Arkady,1
1359,Lin,3
1360,Fiona,2
1361,Ebba,3
1362,Thanos,2
1363,Li,2
1364,Axel,3
1365,Hassan,3
1366,Mai,2
1367,Ecaterina,2
1368,Ahmet,2
1369,Kenzo,1
1370,Jamshid,3
1371,Lars,3
1372,Eden,3
1373,Ji-woo,3
1374,Alexander,2
1375,Linh,2
1376,Atlas,2
1377,Feng,3
1378,Advait,3
1379,Kwame,2
1380,Anh,2
1381,Makeda,3
1382,Mei,3
1383,Do-yoon,3
1384,Joon-ho,2
1385,Vasile,3
1386,Matteo,2
1387,Rin,2
1388,Noor,2
1389,Oluwaseun,1
1390,Jin,2
1391,Nadezhda,3
1392,Safiya,2
1393,Hirut,3
1394,Larisa,2
1395,Adam,3
1396,Noor,1
1397,Aisha,1
1398,Dmitry,3
1399,Arash,3
1400,Adanna,2
1401,Hamza,3
1402,Malika,2
1403,Jing,1
1404,Yulia,2
1405,Eoin,3
1406,Minh,3
1407,Miguel,2
1408,Mia,3
1409,Tatiana,2
1410,Derya,3
1411,Laurentiu,1
1412,Cristina,3
1413,Oleg,2
1414,Yamato,3
1415,Darius,2
1416,Ling,3
1417,Leila,1
1418,Anika,2
1419,Gheorghe,3
1420,Elif,2
1421,Arash,1
1422,Amina,3
1423,Raisa,2
1424,Catalin,3
1425,Zinaida,2
1426,Irina,3
1427,Irina,2
1428,Ruth,3
1429,Malik,2
1430,Teodora,2
1431,Andrei,1
1432,Chloe,2
1433,Aisha,3
1434,Siobhan,3
1435,Irina,2
1436,Amina,3
1437,Amira,2
1438,Ebba,3
1439,Tatiana,2
1440,Atlas,1
1441,Ananda,2
1442,Raluca,3
1443,Axel,2
1444,Rin,2
1445,Shanaya,2
1446,Mei,2
1447,Sinead,3
1448,Luis,2
1449,Ayaka,2
1450,Valentina,3
1451,Anders,2
1452,Elsa,1
1453,Fatima,3
1454,Arkady,3
1455,Anya,3
1456,Avani,3
1457,Omar,3
1458,Madalina,1
1459,Jason,2
1460,Calliope,3
1461,Olayinka,2
1462,Darius,2
1463,Yuto,3
1464,Jorge,1
1465,Adam,1
1466,Aisha,2
1467,Olga,1
1468,Zineb,2
1469,Chioma,2
1470,Leila,2
1471,Ingrid,2
1472,Aisha,3
1473,Cristian,1
1474,Sigrid,2
1475,Hiwot,2
1476,Kento,3
1477,Wu,2
1478,Liviu,3
1479,Kareem,3
1480,Tekle,2
1481,Amir,3
1482,Oluwadare,2
1483,Cheng,3
1484,Amara,2
1485,Cristian,3
1486,Shahin,2
1487,Mihai,2
1488,Gabriela,1
1489,Tigist,2
1490,Ileana,2
1491,Abigail,1
1492,Arthit,3
1493,Zainab,1
1494,Petru,2
1495,Ethan,1
1496,Cristina,1
1497,Finn,1
1498,Sora,2
1499,Madalina,1
1500,Declan,2
1501,Can,1
1502,Zeynep,2
1503,Malee,3
1504,Alina,1
1505,Carmen,2
1506,Hiwot,2
1507,Mehmet,3
1508,Amani,3
1509,Pichai,1
1510,Zahra,2
1511,Simona,3
1512,Phuc,3
1513,Gheorghe,2
1514,Hao,2
1515,Alexei,3
1516,Jin-woo,2
1517,Ye-jin,1
1518,Michael,3
1519,Aisha,3
1520,Larisa,3
1521,Abdullah,3
1522,Hung,2
1523,Laurentiu,1
1524,Rahel,3
1525,Axel,1
1526,Nikolai,3
1527,Leonidas,1
1528,Hye-jin,2
1529,Riku,2
1530,Ilya,2
1531,Eugenia,3
1532,Siobhan,3
1533,Chioma,2
1534,Anastasia,3
1535,Zuri,2
1536,Ilya,2
1537,Vladimir,3
1538,Sakura,3
1539,Sergey,2
1540,Jorge,2
1541,Zineb,1
1542,Roisin,2
1543,Hassan,3
1544,Andrei,3
1545,Yamato,2
1546,Zainab,3
1547,Solomon,3
1548,Somchai,3
1549,Aisha,3
1550,Alexei,2
1551,Rania,3
1552,Galina,2
1553,Dmitry,2
1554,Krishna,2
1555,Leila,2
1556,Malee,1
1557,Oana,1
1558,Zahra,3
1559,Eileen,1
1560,Getachew,2
1561,Oleg,2
1562,Radu,3
1563,Amira,2
1564,Zainab,1
1565,Sergiu,1
1566,Siobhan,1
1567,Madalina,1
1568,Thuy,3
1569,Da-eun,2
1570,Samira,2
1571,Zaid,2
1572,Victor,1
1573,Ngoc,3
1574,Parisa,3
1575,Elena,2
1576,Feng,3
1577,Matteo,2
1578,Shirin,2
1579,Tao,2
1580,Linh,2
1581,Mariana,2
1582,Valentin,3
1583,So-yeon,2
1584,Hieu,2
1585,Cosmina,1
1586,Ye-jin,1
1587,Marcel,1
1588,Tatiana,2
1589,Zalika,3
1590,Riku,2
1591,Sorin,3
1592,Yui,2
1593,Mirela,3
1594,Alexandru,1
1595,Youssef,2
1596,Getachew,2
1597,Petru,2
1598,Linnea,3
1599,Eun-ji,2
1600,Sofia,3
1601,Aisha,2
1602,Phoebe,3
1603,Hasan,2
1604,Samuel,1
1605,Koki,3
1606,Kwame,3
1607,Victoria,3
1608,Ali,3
1609,Adriana,2
1610,Rafael,2
1611,Tatiana,2
1612,Cosmina,1
1613,Stefan,3
1614,Ana,2
1615,Somchai,1
1616,Maja,3
1617,Tudor,1
1618,Tudor,3
1619,Daniel,3
1620,Alexander,3
1621,Tudor,3
1622,Anastasia,2
1623,Oluwadamilare,2
1624,Riku,1
1625,Isabel,3
1626,Leah,1
1627,Athena,1
1628,Olayinka,3
1629,Ioan,2
1630,Hiroto,2
1631,Arkady,2
1632,Kidus,2
1633,Tekle,2
1634,Osman,2
1635,Adanna,1
1636,Leila,1
1637,Chidinma,3
1638,Niran,2
1639,Olga,2
1640,Rachel,3
1641,Liliana,3
1642,Maria,1
1643,Madalina,1
1644,Patrick,2
1645,Jorge,2
1646,Amir,2
1647,Roya,2
1648,Freja,2
1649,Olayinka,2
1650,Hui,2
1651,Helena,2
1652,Astrid,3
1653,Sota,1
1654,Teodora,1
1655,Yuri,1
1656,Stavros,1
1657,Lucia,2
1658,Klaus,3
1659,Oluwadamilare,2
1660,Shanaya,2
1661,Svetlana,3
1662,Dmitry,3
1663,Aisha,1
1664,Marcel,2
1665,Grigory,3
1666,Haile,2
1667,Amara,2
1668,Svetlana,2
1669,Luminita,1
1670,Min-jun,3
1671,Houda,3
1672,Saki,3
1673,Sarah,3
1674,Ecaterina,1
1675,Hao,2
1676,Hana,3
1677,Sakda,3
1678,Victoria,2
1679,Raluca,2
1680,Liviu,2
1681,Yaroslav,3
1682,Lars,3
1683,Mihai,2
1684,Sven,2
1685,Ji-hun,2
1686,Victoria,2
1687,Charlotte,3
1688,Ion,2
1689,Hassan,2
1690,Doina,2
1691,Tekle,1
1692,Wei,2
1693,Ekaterina,2
1694,Jing,1
1695,Dragos,2
1696,Aanya,3
1697,Mei,3
1698,Jabari,1
1699,Babak,2
1700,Aaradhya,1
1701,Mikhail,2
1702,Camila,3
1703,Oana,3
1704,Yohannes,3
1705,Isabel,2
1706,Hana,3
1707,Astrid,3
1708,Rostam,3
1709,Darius,2
1710,Hye-jin,2
1711,Amani,2
1712,Rostam,3
1713,Andrei,2
1714,Can,1
1715,Stefan,3
1716,Hui,1
1717,Ming,1
1718,Pranee,3
1719,Ying,1
1720,Min-jun,2
1721,Tamara,1
1722,Erik,2
1723,Leonidas,2
1724,Gheorghe,1
1725,Vihaan,2
1726,Sakura,3
1727,Yuri,3
1728,Rania,2
1729,Daciana,3
1730,Aarav,2
1731,Daphne,2
1732,Sigrid,3
1733,Carmen,3
1734,Rachel,2
1735,Radu,2
1736,Tuan,2
1737,Adanna,3
1738,Petru,1
1739,Layla,2
1740,Zeynep,3
1741,Elif,3
1742,Joon-ho,1
1743,Yang,2
1744,Cian,3
1745,Sigrid,3
1746,Alexander,3
1747,Ming,3
1748,Nikolai,3
1749,Chidi,3
1750,Shirin,3
1751,Sakura,2
1752,Kirill,2
1753,Doina,3
1754,Zuri,2
1755,Dragos,2
1756,Tatiana,2
1757,Galina,1
1758,Daria,3
1759,Ingrid,2
1760,Irina,1
1761,Haruto,1
1762,Ethan,2
1763,Joon-ho,2
1764,Darius,2
1765,Nikolai,3
1766,Chloe,2
1767,Hassan,2
1768,Boris,2
1769,Irina,3
1770,Anika,2
1771,Ileana,2
1772,Anh,1
1773,Apollo,2
1774,Jin,1
1775,Henrik,2
1776,Dalia,2
1777,Camila,2
1778,Sanda,1
1779,Chidi,2
1780,Sophia,1
1781,Hiroshi,1
1782,Petru,2
1783,Oluwaseun,3
1784,Min-ho,3
1785,Rostam,2
1786,Nadia,2
1787,Ji-woo,3
1788,Anna,3
1789,Safiya,1
1790,Diana,1
1791,Jason,2
1792,Lars,3
1793,Karim,2
1794,Simona,3
1795,Gabriela,1
1796,Valeriu,3
1797,Babak,3
1798,Cian,2
1799,Sora,3
1800,Daniel,2
1801,Rodica,1
1802,Liam,2
1803,Mikhail,3
1804,Ethan,1
1805,Sophia,3
1806,Nanami,1
1807,Merve,1
1808,Charlotte,3
1809,Arjun,3
1810,Tudor,3
1811,Ye-jin,3
1812,Darius,1
1813,Ishaan,3
1814,Oscar,1
1815,Andreea,1
1816,Niamh,1
1817,Nadezhda,2
1818,Quan,2
1819,Larisa,2
1820,Krishna,2
1821,Tamara,1
1822,Vihaan,3
1823,Hyun-woo,3
1824,Mongkut,2
1825,Sanda,2
1826,Rafael,1
1827,Arthit,1
1828,Cassandra,3
1829,Da-eun,3
1830,Sarah,3
1831,Hiwot,2
1832,Ilya,3
1833,Melaku,2
1834,Sakda,3
1835,Gabriel,1
1836,Emma,1
1837,Aisha,2
1838,Chioma,3
1839,Fiona,2
1840,Igor,2
1841,Ratana,2
1842,Gabriel,1
1843,Apollo,1
1844,Pavel,3
1845,Fatima,3
1846,Isabella,3
1847,Mai,1
1848,Magnus,3
1849,Elena,3
1850,Mihai,3
1851,Golnar,3
1852,Stefan,3
1853,David,1
1854,Divya,1
1855,Yamato,3
1856,Ibrahim,2
1857,Can,3
1858,Cian,2
1859,Chinua,1
1860,Yoo-jin,1
1861,Liviu,2
1862,Adela,3
1863,Dung,1
1864,Eden,3
1865,Amani,2
1866,Ayaka,2
1867,Adanna,3
1868,Victor,1
1869,Makena,2
1870,Margarita,3
1871,Bridget,3
1872,Liliana,2
1873,Duc,2
1874,Nils,3
1875,Lyra,3
1876,Ayse,2
1877,Carmen,3
1878,Clara,2
1879,Katya,2
1880,Anaya,2
1881,Ayse,2
1882,Kwame,1
1883,Omar,2
1884,Patrick,3
1885,Dumitru,3
1886,Chioma,1
1887,Kenzo,2
1888,Mayuri,3
1889,Ratana,2
1890,Gabriel,2
1891,Chidinma,1
1892,Bethlehem,2
1893,Gabriel,2
1894,Monica,2
1895,Eun-ji,1
1896,Krishna,3
1897,Patrick,3
1898,Makena,2
1899,Ishaan,2
1900,Conor,3
1901,Adam,1
1902,Irina,1
1903,Hieu,1
1904,Anastasiya,2
1905,Hirut,3
1906,Dragos,1
1907,Stavros,3
1908,Folami,2
1909,Aisha,2
1910,Alisa,2
1911,Vasilisa,3
1912,Abdullah,2
1913,Vasile,2
1914,Finn,3
1915,Cassandra,1
1916,Kiet,2
1917,Carmen,3
1918,Joon-ho,3
1919,Hae-won,3
1920,Stela,2
1921,Yang,1
1922,Rin,2
1923,Anders,2
1924,Marina,3
1925,Marcel,1
1926,Lalita,3
1927,Helena,3
1928,Marius,2
1929,Daniela,2
1930,Conor,1
1931,Freja,1
1932,Phuc,3
1933,Sorin,3
1934,Stavros,2
1935,Sakda,2
1936,Sean,2
1937,Valeriu,2
1938,Aisha,2
1939,Miruna,2
1940,Ebba,2
1941,Xia,2
1942,Chidi,2
1943,Tatiana,3
1944,Miriam,3
1945,Liliana,2
1946,Senait,2
1947,Yohannes,1
1948,Aaradhya,3
1949,Lucas,2
1950,Yared,3
1951,Helena,1
1952,Sergei,2
1953,Bridget,2
1954,Daphne,2
1955,Gabriel,2
1956,Sinead,3
1957,Luis,3
1958,Olga,3
1959,Anh,3
1960,Tatiana,2
1961,Silvia,3
1962,Hiroto,2
1963,Jin-woo,3
1964,Fatima,3
1965,Zara,3
1966,Dat,2
1967,Zineb,3
1968,Eden,1
1969,Yan,3
1970,So-yeon,3
1971,Malai,2
1972,Joseph,3
1973,Dragos,3
1974,Tendai,3
1975,Elena,2
1976,Lyra,2
1977,Amara,2
1978,Miruna,3
1979,Boris,3
1980,Sean,2
1981,Hiroshi,3
1982,Hiwot,2
1983,Katya,2
1984,Radu,2
1985,Shirin,1
1986,Eden,2
1987,Amara,2
1988,Koki,3
1989,Nadezhda,3
1990,Conor,2
1991,Artem,2
1992,Malik,3
1993,Pitch,1
1994,Victor,2
1995,Malai,3
1996,Leonid,2
1997,Miriam,3
1998,Ishaan,1
1999,Safiya,2
2000,Kabir,1
2001,Klaus,3
2002,Natalia,1
2003,Luna,2
2004,Sinead,1
2005,Olayinka,2
2006,Elena,3
2007,Chinua,2
2008,Khalid,2
2009,Aisha,2
2010,Radu,3
2011,Simona,2
2012,Florin,2
2013,Lalita,2
2014,Hatice,3
2015,Saoirse,2
2016,Aisha,2
2017,Ahmed,2
2018,Amine,2
2019,Cheng,2
2020,Sophia,3
2021,Layla,3
2022,Eileen,3
2023,Folami,1
2024,Olayinka,3
2025,Raluca,3
2026,Ioana,2
2027,Hatice,2
2028,Mihaela,3
2029,Ingrid,2
2030,Dalia,3
2031,Jing,3
2032,Raj,2
2033,Anders,2
2034,Getachew,2
2035,Igor,2
2036,Melaku,2
2037,Dmitri,2
2038,Carmen,1
2039,Osman,1
2040,Kofi,3
2041,Babajide,2
2042,Oluwaseun,1
2043,Yan,3
2044,Rachid,2
2045,Mustafa,3
2046,Zuri,2
2047,Noah,2
2048,Victor,3
2049,Vladimir,2
2050,Shahin,2
2051,Hoa,3
2052,Can,3
2053,Mihaela,3
2054,Maxim,1
2055,Joon-ho,2
2056,Dumitru,3
2057,Jonathan,1
2058,Carmen,1
2059,Lalita,3
2060,Osman,2
2061,Helga,2
2062,Isabella,3
2063,Stefan,3
2064,Silvia,3
2065,Larisa,3
2066,Seo-yeon,2
2067,Ruth,1
2068,Haruto,3
2069,Eoin,2
2070,Carlos,1
2071,Ebba,2
2072,Aarav,3
2073,Rafael,2
2074,Mehdi,3
2075,Carlos,1
2076,Sofia,3
2077,Ishaan,2
2078,Ion,2
2079,Aidan,3
2080,Ravi,2
2081,Cian,2
2082,Thor,2
2083,Riku,3
2084,Freya,2
2085,Ecaterina,3
2086,Sean,3
2087,Astrid,2
2088,Luna,2
2089,Arash,2
2090,Sakura,2
2091,Alisa,2
2092,Zuri,2
2093,Nur,1
2094,Kofi,1
2095,Elena,1
2096,Oliver,2
2097,Lyra,3
2098,Makeda,2
2099,Saki,2
2100,Traian,3
2101,Babajide,2
2102,Folami,3
2103,Malee,3
2104,Tsion,3
2105,Makena,1
2106,Tatiana,3
2107,Ngoc,3
2108,Sanda,2
2109,Obinna,1
2110,Stavros,3
2111,Chioma,3
2112,Mirela,2
2113,Marcel,2
2114,Olayinka,2
2115,Mei,2
2116,Miu,1
2117,Ethan,3
2118,Teodora,3
2119,Min-seo,3
2120,Pavel,1
2121,Chen,2
2122,Yulia,1
2123,Yoo-jin,2
2124,Hamza,1
2125,Sigrid,2
2126,Artem,3
2127,Oluwaseun,2
2128,Ali,3
2129,Niamh,3
2130,Hamza,2
2131,Yasmin,2
2132,Kabir,2
2133,Sakura,2
2134,Teodora,2
2135,Amara,2
2136,Yuto,2
2137,Niran,3
2138,Sanda,2
2139,Arash,2
2140,Leila,2
2141,Chinua,2
2142,Azar,3
2143,Suda,2
2144,Boris,1
2145,Yoo-jin,2
2146,Luminita,3
2147,Anya,3
2148,Aisha,1
2149,Adrian,2
2150,Delia,2
2151,Rostam,2
2152,Rahel,3
2153,Ali,2
2154,Nicoleta,3
2155,Mina,3
2156,Polina,3
2157,Tatiana,3
2158,Ishaan,3
2159,Solomon,3
2160,Olayinka,1
2161,Reda,2
2162,Aoife,2
2163,Sorin,3
2164,Rachid,2
2165,Tendai,2
2166,Alina,3
2167,Noor,3
2168,Vasilisa,3
2169,Ngoc,2
2170,Daniela,3
2171,Hiwot,2
2172,Irina,2
2173,Irina,3
2174,Cosmin,3
2175,Pranee,2
2176,Qing,2
2177,Anastasia,2
2178,Melaku,2
2179,Bjorn,3
2180,Jamal,3
2181,Isabella,3
2182,Daphne,3
2183,Sigrid,1
2184,Folami,1
2185,Darius,1
2186,Tatiana,2
2187,Eugen,2
2188,Klaus,2
2189,Ivan,2
2190,Cosmin,2
2191,Arthit,2
2192,Ahmed,2
2193,Mariana,1
2194,Sergey,3
2195,Min-ho,2
2196,Ling,2
2197,Mongkut,1
2198,Vihaan,3
2199,Florin,3
2200,Chioma,1
2201,Miu,2
2202,Pavel,2
2203,Maryam,2
2204,Olga,2
2205,Azar,2
2206,Layla,2
2207,Chinua,3
2208,Lyudmila,3
2209,Elsa,1
2210,Sofia,3
2211,Min-ho,2
2212,Brendan,2
2213,Anders,3
2214,Isabella,1
2215,Zineb,1
2216,Liam,3
2217,David,1
2218,Shirin,3
2219,Mei,2
2220,Kento,3
2221,Victor,3
2222,Igor,2
2223,Reyansh,3
2224,Hirut,3
2225,Ji-woo,2
2226,Samira,1
2227,Yuna,2
2228,Tekle,3
2229,Eun-ji,2
2230,Valentina,2
2231,Helena,2
2232,Joon-ho,2
2233,Kaveh,3
2234,Aanya,1
2235,Patrick,3
2236,Hieu,2
2237,Emine,2
2238,Florin,2
2239,Aurel,1
2240,Alexander,2
2241,Zineb,2
2242,Tae-hyung,3
2243,Ludmila,1
2244,Omar,2
2245,Polina,1
2246,Ana,3
2247,Sofia,1
2248,Minh,2
2249,Sofiya,2
2250,Nikita,1
2251,Layla,1
2252,Elizaveta,1
2253,Kirill,2
2254,Malika,3
2255,Nikolai,2
2256,Tatiana,3
2257,Katya,2
2258,Andreea,1
2259,Clara,2
2260,Ji-hun,2
2261,Elena,1
2262,Bethlehem,3
2263,Radu,2
2264,Luminita,2
2265,Riku,3
2266,Valentina,1
2267,Obinna,3
2268,Khalil,3
2269,Kento,2
2270,Ana,2
2271,Cassandra,3
2272,Aoife,3
2273,Chinua,2
2274,Ming,2
2275,Irina,2
2276,Aisha,3
2277,Ivan,1
2278,Abena,3
2279,Igor,3
2280,Kento,3
2281,Chinua,3
2282,Karim,3
2283,Aidan,2
2284,Maya,2
2285,Yohannes,2
2286,Leila,2
2287,Tamara,3
2288,Dumitru,1
2289,Teodora,2
2290,Tuan,2
2291,Li,2
2292,Angela,2
2293,Thanos,1
2294,Malik,1
2295,Can,2
2296,Arash,3
2297,Irina,3
2298,Cyrus,2
2299,Fatima,3
2300,Ahmad,2
2301,Roman,2
2302,Shaurya,3
2303,Lyra,3
2304,Abigail,2
2305,Abdullah,3
2306,Mehmet,2
2307,Ludmila,1
2308,Karim,2
2309,Melaku,3
2310,Pavel,3
2311,Jin-woo,2
2312,Bogdan,2
2313,Adam,1
2314,Noor,3
2315,Leonidas,2
2316,Roxana,1
2317,Min-jun,2
2318,Pichai,3
2319,Said,1
2320,Arash,3
2321,Kento,2
2322,Alexander,2
2323,Ksenia,3
2324,Olayinka,3
2325,Zeynep,2
2326,Alexandru,2
2327,Hassan,3
2328,Daniela,1
2329,Sven,3
2330,Linnea,2
2331,Michael,3
2332,Olga,2
2333,Da-eun,3
2334,Tatiana,2
2335,Olga,2
2336,Nikita,2
2337,Miruna,2
2338,Meskerem,2
2339,Siobhan,2
2340,Calliope,3
2341,Freya,2
2342,Mina,3
2343,Da-eun,3
2344,Natalia,2
2345,Athena,1
2346,Riya,2
2347,Maya,2
2348,Leonidas,3
2349,Seo-yeon,3
2350,Maria,2
2351,Roisin,3
2352,Anya,2
2353,Razvan,3
2354,Yasmin,1
2355,Ibrahim,1
2356,Parviz,2
2357,Reyansh,1
2358,Riku,2
2359,Ecaterina,3
2360,Magnus,3
2361,Nikolai,2
2362,Getachew,2
2363,Folake,2
2364,Hassan,2
2365,Nicoleta,2
2366,Oana,3
2367,Ali,3
2368,Parisa,3
2369,Saoirse,2
2370,Youssef,1
2371,Dung,1
2372,Vasile,3
2373,Aidan,2
2374,Chai,2
2375,Daniil,3
2376,Arjun,3
2377,Rania,3
2378,Eugen,3
2379,Dumitru,1
2380,Reyansh,2
2381,Malee,1
2382,Polina,2
2383,Gabriel,2
2384,Constantin,3
2385,Katya,2
2386,Leila,3
2387,Ahmad,2
2388,Yulia,1
2389,Astrid,2
2390,Shaurya,2
2391,Pranee,3
2392,Lyudmila,3
2393,Astrid,2
2394,Hoa,2
2395,Delia,2
2396,Adebola,3
2397,Ionut,2
2398,Amina,3
2399,Margarita,3
2400,Hyun-woo,3
2401,Karim,3
2402,Ekaterina,2
2403,Wu,1
2404,Getachew,3
2405,Tsion,3
2406,Bahram,3
2407,Adam,2
2408,Mihai,2
2409,Mei,3
2410,Chinua,3
2411,Trang,3
2412,Noor,3
2413,Wu,2
2414,Shirin,1
2415,Orion,3
2416,Ana,1
2417,Babajide,1
2418,Hassan,3
2419,Mikhail,1
2420,Andreea,1
2421,Charlotte,2
2422,Khalid,3
2423,Ruth,2
2424,Hatice,1
2425,Olayinka,1
2426,Andrei,3
2427,Phoebe,1
2428,Fiona,1
2429,Aisha,2
2430,Jamal,2
2431,Sinead,3
2432,Sarah,2
2433,Stavros,2
2434,Aaradhya,3
2435,Solomon,2
2436,Myra,3
2437,Tiberiu,3
2438,Divya,3
2439,Roya,3
2440,Osman,3
2441,Tigist,3
2442,Gabriel,2
2443,Kabir,1
2444,Ling,3
2445,Sofia,1
2446,Oscar,1
2447,Chioma,3
2448,Do-yoon,3
2449,Aurel,3
2450,Irina,2
2451,Chidinma,2
2452,Hiroto,3
2453,Lin,3
2454,Aisha,3
2455,Oscar,1
2456,Qing,2
2457,Stela,2
2458,Grigory,1
2459,Hatice,2
2460,Elif,3
2461,Hana,3
2462,Mateo,3
2463,Darius,3
2464,Freya,1
2465,Amir,1
2466,Raj,2
2467,Oscar,2
2468,Charlotte,3
2469,Pranee,3
2470,Kofi,1
2471,Raisa,3
2472,Leila,2
2473,Yusuf,2
2474,Jing,3
2475,Adam,1
2476,Penelope,3
2477,Magnus,3
2478,Anamaria,2
2479,Yasmin,2
2480,Irina,1
2481,Hae-won,3
2482,Linh,3
2483,Sung-min,1
2484,Aidan,3
2485,Yui,3
2486,Shahin,2
2487,Folami,3
2488,Radu,2
2489,Dung,3
2490,Fatima,3
2491,Senait,3
2492,Stanislav,2
2493,Suda,1
2494,Sean,2
2495,Emre,3
2496,Andreea,3
2497,Ethan,1
2498,Ali,2
2499,Jonathan,2
2500,Ilya,3
2501,Adrian,2
2502,Anh,3
2503,So-yeon,3
2504,Noor,2
2505,Ghita,2
2506,Vivaan,3
2507,Jabari,1
2508,Simona,3
2509,Nadia,3
2510,Mayuri,3
2511,Hao,3
2512,Sofiya,2
2513,Obinna,2
2514,Cassandra,1
2515,Gabriela,2
2516,Mustafa,3
2517,Lalita,2
2518,Kenzo,3
2519,Miruna,2
2520,Andrey,3
2521,Salma,1
2522,Ibrahim,2
2523,Rin,2
2524,Boris,2
2525,Mikhail,3
2526,Andrei,1
2527,Rania,2
2528,Nadezhda,1
2529,Jason,3
2530,Yasmin,1
2531,Constantin,3
2532,Hasan,3
2533,Maria,2
2534,Delia,2
2535,Sven,1
2536,Aaradhya,1
2537,Madalina,2
2538,Ibrahim,1
2539,Cristina,3
2540,Eoin,3
2541,Chinua,1
2542,Yusuf,1
2543,Yuki,3
2544,Yui,2
2545,Aidan,3
2546,Angela,2
2547,Aurel,2
2548,Isabella,3
2549,Sergiu,3
2550,Pensri,2
2551,Emma,2
2552,Haruto,2
2553,Maja,2
2554,Haruto,2
2555,Tatiana,2
2556,Mustafa,3
2557,Ecaterina,2
2558,Melaku,2
2559,Hiroto,2
2560,Siobhan,3
2561,Vasile,3
2562,Osman,1
2563,Yuki,2
2564,Ibrahim,1
2565,Mariana,3
2566,Noor,2
2567,Alisa,3
2568,Hassan,3
2569,Sara,3
2570,Trang,3
2571,Tuan,3
2572,Hassan,1
2573,Babak,3
2574,Aisha,3
2575,Ji-hun,3
2576,Olga,3
2577,Gabriela,3
2578,Nadezhda,2
2579,Hiwot,1
2580,Samira,3
2581,Radu,3
2582,Qing,2
2583,Silvia,1
2584,Emre,3
2585,Tewodros,2
2586,Noah,2
2587,Lin,3
2588,Carmen,1
2589,Hatice,3
2590,Nadia,3
2591,Diego,3
2592,Khalid,2
2593,Obinna,2
2594,Adanna,3
2595,Gheorghe,2
2596,Irina,3
2597,Lin,2
2598,Patrick,3
2599,Orion,3
2600,Emre,2
2601,Marina,3
2602,Layla,2
2603,Brandusa,2
2604,Khalil,3
2605,Golnar,1
2606,Mihaela,3
2607,Hung,2
2608,Bogdan,3
2609,Haile,1
2610,Luna,1
2611,Rania,2
2612,Quan,3
2613,Ekaterina,2
2614,Tamara,2
2615,Sora,2
2616,Marcel,3
2617,Lyudmila,1
2618,Jamal,2
2619,Charlotte,2
2620,Cyrus,3
2621,Valentina,3
2622,Conor,1
2623,Finn,2
2624,Ngoc,3
2625,Dmitri,3
2626,Artem,2
2627,Yusuf,2
2628,Larisa,2
2629,Suda,1
2630,Ebba,1
2631,Carlos,3
2632,Stepan,3
2633,Kidus,3
2634,Trang,1
2635,Avani,2
2636,Sofiya,2
2637,Nikita,3
2638,Bjorn,2
2639,Vasilisa,1
2640,Kai,2
2641,Vasilisa,1
2642,Mariana,2
2643,Jun,3
2644,Diego,1
2645,Sofia,2
2646,Kaveh,1
2647,Sorin,1
2648,Monica,2
2649,Bridget,2
2650,Duc,2
2651,Sofia,1
2652,Yang,3
2653,Isabel,2
2654,Anika,3
2655,Ingrid,3
2656,Safiya,2
2657,Shaurya,2
2658,Saki,2
2659,Seung-hyun,3
2660,Li,3
2661,Kiet,3
2662,Rostam,1
2663,Oluwaseun,2
2664,Miguel,2
2665,Hung,3
2666,Tudor,3
2667,Pitch,2
2668,Zainab,2
2669,Samira,3
2670,Victoria,1
2671,Yuki,3
2672,Gabriel,1
2673,Daniel,3
2674,Khalil,3
2675,Yohannes,2
2676,Mei,2
2677,Tudor,3
2678,Chidinma,3
2679,Parviz,2
2680,Daniela,2
2681,Elif,1
2682,Tae-hyung,1
2683,Olayinka,1
2684,Rodica,1
2685,Houda,2
2686,Leila,3
2687,Somchai,1
2688,Mei,3
2689,Isabel,3
2690,Zalika,3
2691,Layla,2
2692,Ionut,2
2693,Yuna,1
2694,Leila,1
2695,Oana,3
2696,Victor,3
2697,Hiwot,2
2698,Natalia,2
2699,Adam,3
2700,Zainab,2
2701,Anastasiya,2
2702,Sofia,1
2703,Valentin,2
2704,Nadia,3
2705,Radu,3
2706,Avani,2
2707,Irina,1
2708,Advait,1
2709,Jonathan,2
2710,Britta,3
2711,Adam,2
2712,Alexei,2
2713,Sara,2
2714,Babak,1
2715,Minh,3
2716,Jorge,2
2717,Luis,3
2718,Lucian,2
2719,Fatima,3
2720,Victor,3
2721,Oluwaseun,3
2722,Daniel,2
2723,Riya,2
2724,Ecaterina,1
2725,Timofey,2
2726,Apollo,2
2727,Chen,3
2728,Anders,3
2729,Miruna,3
2730,Lalita,3
2731,Luis,2
2732,Hassan,3
2733,Chioma,2
2734,Babajide,2
2735,Abena,2
2736,Liam,2
2737,Constantin,1
2738,Cassandra,2
2739,Ionut,2
2740,Ingrid,3
2741,Yasmin,2
2742,Derya,2
2743,Irina,1
2744,Liviu,3
2745,Cassandra,2
2746,Duc,2
2747,Margarita,2
2748,Ahmed,3
2749,David,2
2750,Daniela,3
2751,Jin,2
2752,Lars,2
2753,Tatiana,3
2754,Ayaka,2
2755,Da-eun,3
2756,Athena,2
2757,Mayuri,2
2758,Vladimir,1
2759,Saki,2
2760,Ecaterina,2
2761,Darius,2
2762,Nadia,3
2763,Lars,2
2764,Raisa,2
2765,Amani,2
2766,Hirut,2
2767,Hae-won,3
2768,Tudor,3
2769,Duc,2
2770,Finn,1
2771,Qing,2
2772,Sakura,1
2773,Isabella,3
2774,Eileen,3
2775,Elena,2
2776,Nikita,1
2777,Kidus,2
2778,Ming,3
2779,Omar,3
2780,Eugenia,2
2781,Stavros,3
2782,Anamaria,2
2783,Oscar,3
2784,Thanos,3
2785,Hatice,3
2786,Perseus,3
2787,Layla,2
2788,Babak,2
2789,Do-yoon,1
2790,Klaus,2
2791,Carmen,1
2792,Ingrid,2
2793,Atlas,3
2794,Aurel,2
2795,Dragos,2
2796,Lucian,2
2797,Adanna,3
2798,Sofia,3
2799,Parviz,2
2800,Thanos,2
2801,Thanh,2
2802,Yoo-jin,2
2803,Senait,3
2804,Elsa,3
2805,Ayaka,1
2806,Sarah,2
2807,Orion,2
2808,Conor,2
2809,Stefan,1
2810,Alexander,3
2811,Doina,2
2812,Andrey,1
2813,Marcel,1
2814,Anastasia,2
2815,Sebastian,2
2816,Olayinka,2
2817,Cyrus,3
2818,Sigrid,2
2819,Layla,2
2820,Mia,3
2821,Yui,2
2822,Sebastian,3
2823,Jin-woo,3
2824,Maya,2
2825,Yuki,3
2826,Anamaria,1
2827,Angela,1
2828,Tatiana,2
2829,Anastasia,3
2830,Ming,3
2831,Fatima,2
2832,Igor,2
2833,Yaroslav,3
2834,Liliana,2
2835,Andreea,3
2836,Stanislav,3
2837,Rachid,1
2838,Chidi,2
2839,Yoo-jin,1
2840,Pavel,3
2841,Ethan,3
2842,Noah,2
2843,Houda,2
2844,Brendan,1
2845,Olga,3
2846,Gheorghe,2
2847,Nasrin,1
2848,Samira,3
2849,Shahin,2
2850,Rania,3
2851,Hana,3
2852,Isabel,3
2853,Cheng,1
2854,Ji-hun,3
2855,Azita,3
2856,Hae-won,3
2857,Rachid,2
2858,Ivan,1
2859,Ibrahim,3
2860,Yuna,3
2861,So-yeon,2
2862,Maria,3
2863,Daria,1
2864,Dung,2
2865,Shirin,1
2866,Esther,2
2867,Saki,1
2868,Noor,3
2869,Conor,1
2870,Li,2
2871,Kidus,3
2872,Dorin,3
2873,Hao,1
2874,Temitope,3
2875,Zineb,1
2876,Raj,1
2877,Azita,1
2878,Vitaly,3
2879,Bogdan,2
2880,Zinaida,2
2881,Delia,1
2882,Zara,2
2883,Omar,2
2884,Daniel,2
2885,Monica,1
2886,Adrian,2
2887,Eoin,2
2888,Seung-hyun,2
2889,Oliver,2
2890,Folami,3
2891,Samira,1
2892,Siobhan,3
2893,Hoa,2
2894,Arjun,1
2895,Lars,1
2896,Doina,2
2897,Vivaan,3
2898,Joon-ho,2
2899,Dawit,2
2900,Zinaida,3
2901,Kenzo,2
2902,Irina,2
2903,Igor,3
2904,Yusuf,2
2905,Malai,3
2906,Olga,3
2907,Tao,2
2908,Anya,3
2909,Magnus,2
2910,Tamara,3
2911,Tewodros,2
2912,Emma,2
2913,Andrey,3
2914,Feng,3
2915,Sofiya,1
2916,Helena,2
2917,Kareem,2
2918,Cian,2
2919,Noor,2
2920,Kaveh,2
2921,Eugenia,3
2922,Youssef,2
2923,Mateo,3
2924,Samira,1
2925,Koki,2
2926,Divya,2
2927,Valentina,2
2928,Hassan,3
2929,Luis,2
2930,Arash,2
2931,Jing,3
2932,Ling,3
2933,Bogdan,2
2934,Ratana,2
2935,Olga,1
2936,Mirela,2
2937,Min-seo,1
2938,Hung,3
2939,Hae-won,3
2940,Ali,3
2941,Melaku,2
2942,Daria,2
2943,Rania,1
2944,Saki,2
2945,Myra,2
2946,Natalia,2
2947,Marius,2
2948,Valentin,2
2949,Andrei,3
2950,Amara,2
2951,Catalin,3
2952,Wei,3
2953,Rachid,3
2954,Reda,2
2955,Folake,2
2956,Jorge,2
2957,Daniela,1
2958,Shahin,2
2959,Andrey,3
2960,Nikita,2
2961,Sean,1
2962,Meskerem,2
2963,Svetlana,2
2964,Irina,3
2965,Rachid,2
2966,Laurentiu,3
2967,Sergey,3
2968,Alina,1
2969,Mikhail,2
2970,Amira,1
2971,Elena,3
2972,Qing,3
2973,Olayinka,2
2974,Sofia,3
2975,Oluwaseun,3
2976,Leah,3
2977,Aisha,3
2978,Thuy,2
2979,Dara,2
2980,Ananda,2
2981,Leonidas,3
2982,Doina,2
2983,Ivan,2
2984,Sergiu,1
2985,Arjun,2
2986,Ana,2
2987,Sora,2
2988,Nicoleta,2
2989,Octavian,1
2990,Merve,1
2991,Tigist,2
2992,Daniel,2
2993,Santiago,2
2994,Amani,2
2995,Fatma,2
2996,Thanh,2
2997,Teodora,2
2998,Valentina,2
2999,Nils,2
3000,Penelope,3
3001,Ying,2
3002,Hassan,3
3003,Somchai,3
3004,Malika,3
3005,Hieu,1
3006,Finn,3
3007,Shaurya,3
3008,Sakda,1
3009,Octavian,3
3010,Olayinka,1
3011,Vasile,2
3012,Eden,2
3013,Tatiana,3
3014,Eugen,2
3015,Camila,3
3016,Astrid,1
3017,Chai,2
3018,Leila,3
3019,Folami,2
3020,Tamara,3
3021,Ciprian,2
3022,Abigail,1
3023,Miu,3
3024,Tekle,3
3025,Layla,1
3026,Golnar,3
3027,Diego,2
3028,Boris,3
3029,Valeriu,3
3030,Thanh,3
3031,Arthit,2
3032,Margarita,1
3033,Raisa,2
3034,Andrei,2
3035,Svetlana,3
3036,Elsa,3
3037,Tigist,2
3038,Ioan,3
3039,Mayuri,1
3040,Marina,2
3041,Ayse,1
3042,Babak,3
3043,Mateo,3
3044,Sara,3
3045,Do-yoon,2
3046,Daciana,3
3047,Daniel,1
3048,Marius,3
3049,Stavros,3
3050,Ionut,2
3051,Cian,3
3052,Simona,2
3053,Phoebe,1
3054,Finn,3
3055,Olga,2
3056,Irina,3
3057,Cheng,2
3058,Youssef,2
3059,Ji-hun,2
3060,Sven,1
3061,Sofia,1
3062,Liam,1
3063,Makeda,1
3064,Oscar,2
3065,Esther,2
3066,Yohannes,2
3067,Tatiana,1
3068,Zara,2
3069,Thanos,3
3070,Anastasiya,3
3071,Suda,2
3072,Diego,2
3073,Nadezhda,2
3074,Pitch,1
3075,Alexander,2
3076,Mehdi,3
3077,Mihai,2
3078,Polina,2
3079,Freya,1
3080,Hannah,3
3081,Rahel,2
3082,Vladimir,3
3083,Svetlana,3
3084,Ana,3
3085,Do-yoon,2
3086,Malee,2
3087,Marius,2
3088,Ionut,2
3089,Alexander,2
3090,Pensri,3
3091,Fatima,2
3092,Victoria,3
3093,Hiwot,2
3094,Senait,1
3095,Chinua,1
3096,Roya,3
3097,Zinaida,3
3098,Monica,3
3099,Astrid,2
3100,Hasan,2
3101,Gheorghe,2
3102,Rin,3
3103,Bahram,3
3104,Chioma,2
3105,Chinua,3
3106,Oluwadamilare,2
3107,Mikhail,3
3108,Maryam,3
3109,Vasile,3
3110,Yohannes,2
3111,Chinua,2
3112,Kabir,3
3113,Svetlana,1
3114,Cheng,2
3115,Oluwadamilare,2
3116,Obinna,3
3117,Yusuf,2
3118,Larisa,3
3119,Raluca,1
3120,Ciprian,3
3121,Fatima,3
3122,Ruth,2
3123,Emma,3
3124,Yuto,2
3125,Miguel,3
3126,Shaurya,2
3127,Svetlana,3
3128,Yulia,2
3129,Madalina,2
3130,Xiu,3
3131,Oliver,2
3132,Igor,2
3133,Joseph,3
3134,Eileen,3
3135,Carmen,1
3136,Yusuf,3
3137,Bogdan,2
3138,Nadia,3
3139,Gheorghe,3
3140,Kofi,3
3141,Andreas,2
3142,Oluwaseun,3
3143,Tatiana,2
3144,Marina,2
3145,Pranee,3
3146,Hiroto,3
3147,Octavian,2
3148,Aarav,3
3149,Adanna,3
3150,Anamaria,3
3151,Hirut,1
3152,William,3
3153,Oluwadamilare,3
3154,Rodica,2
3155,Trang,2
3156,Temitope,3
3157,Ana,1
3158,Dawit,1
3159,Van,2
3160,Santiago,3
3161,Liviu,3
3162,Riya,3
3163,So-yeon,3
3164,Wei,2
3165,Elsa,2
3166,Elena,2
3167,Mia,3
3168,Youssef,2
3169,Aisha,2
3170,Bogdan,1
3171,Pitch,2
3172,Hieu,2
3173,Ecaterina,1
3174,Anastasiya,2
3175,Marina,3
3176,Leonid,3
3177,Ibrahim,3
3178,Jonathan,3
3179,Yusuf,1
3180,Dumitru,2
3181,Priya,2
3182,Ibrahim,2
3183,Olga,2
3184,Tigist,3
3185,Valentina,1
3186,Jun,2
3187,Luna,1
3188,Lucas,2
3189,Osman,3
3190,Advait,2
3191,Esra,3
3192,Mehmet,2
3193,Vasilisa,2
3194,Niamh,1
3195,Gabriel,2
3196,Florin,3
3197,Tudor,1
3198,Min-ho,3
3199,Ji-hun,2
3200,Phuc,3
3201,Joon-ho,2
3202,Teodora,2
3203,Hana,3
3204,Mustafa,3
3205,Olga,2
3206,Freya,3
3207,Sofia,3
3208,Eugenia,3
3209,Alexandru,1
3210,Valentina,3
3211,Cian,2
3212,Andrey,1
3213,Alexei,2
3214,Zalika,3
3215,Zhen,3
3216,Charlotte,1
3217,Wei,3
3218,Lin,2
3219,Valentina,2
3220,Mohammed,2
3221,Bethlehem,3
3222,Ebba,3
3223,Suda,2
3224,Gustav,2
3225,Patrick,1
3226,Stefan,2
3227,Tae-hyung,1
3228,Ruth,3
3229,Arthit,2
3230,Gabriel,1
3231,Oscar,2
3232,Min-ho,3
3233,Ling,3
3234,Quan,3
3235,Mikhail,2
3236,Aurel,2
3237,Ali,2
3238,Zara,2
3239,Yulia,2
3240,Arash,3
3241,Jonathan,3
3242,Tendai,3
3243,Kofi,3
3244,Fatima,3
3245,Mongkut,3
3246,Da-eun,2
3247,Noor,1
3248,Luis,2
3249,Hassan,2
3250,Khalid,3
3251,Liam,3
3252,Zhen,3
3253,Petru,2
3254,Yuna,1
3255,Natalia,1
3256,Elena,3
3257,Ruth,3
3258,Siobhan,3
3259,Phuc,2
3260,Hina,2
3261,Dmitri,3
3262,Mai,2
3263,Xiu,1
3264,Ibrahim,2
3265,Aisha,2
3266,Tao,2
3267,Noor,1
3268,Ileana,3
3269,Jin,2
3270,Malika,1
3271,Kiet,2
3272,Abena,2
3273,Esra,3
3274,Hatice,3
3275,Ion,2
3276,Ioana,3
3277,Mirela,3
3278,Cheng,2
3279,Daciana,3
3280,Gabriela,2
3281,Igor,1
3282,Anya,3
3283,Grigory,3
3284,Bogdan,2
3285,Svetlana,2
3286,Declan,2
3287,Aisha,2
3288,Anastasia,2
3289,Valentin,2
3290,Esther,3
3291,Sophia,3
3292,Andrei,2
3293,Oscar,3
3294,Penelope,3
3295,Lucia,2
3296,Carlos,2
3297,Radu,3
3298,Ana,2
3299,Britta,1
3300,Hye-jin,3
3301,Vasile,2
3302,Carmen,3
3303,Reda,1
3304,Lucas,1
3305,Shanaya,3
3306,Daciana,1
3307,Hye-jin,3
3308,Michael,3
3309,Cheng,1
3310,Rodica,3
3311,Mei,3
3312,Fatima,3
3313,Folami,3
3314,Priya,1
3315,Oana,3
3316,Mikhail,2
3317,Nicolae,3
3318,Said,3
3319,Maxim,2
3320,Katya,1
3321,Karim,2
3322,Niran,3
3323,Vasile,3
3324,Shanaya,2
3325,Zineb,2
3326,Astrid,3
3327,Jamal,3
3328,Felix,3
3329,Alexei,2
3330,Ibrahim,3
3331,Emine,2
3332,Wu,1
3333,Nanami,3
3334,Jamshid,3
3335,Larisa,3
3336,Luis,3
3337,Vladimir,3
3338,Malai,3
3339,Chidinma,2
3340,Roya,2
3341,Amine,2
3342,Lan,2
3343,Hyun-woo,2
3344,Aarav,2
3345,Svetlana,3
3346,Ekaterina,1
3347,So-yeon,2
3348,Amira,2
3349,Parviz,2
3350,Aaradhya,2
3351,Oscar,2
3352,Sarah,3
3353,Kwame,3
3354,Aisha,2
3355,Pranee,2
3356,Isabella,2
3357,Ji-hun,3
3358,Anh,3
3359,Maja,3
3360,Min-ho,2
3361,Ravi,3
3362,Chukwudi,3
3363,Pranee,1
3364,Nils,3
3365,Joseph,1
3366,Chidinma,1
3367,Andreas,1
3368,Gabriel,3
3369,Cosmin,3
3370,Dalia,3
3371,Vihaan,1
3372,Mia,3
3373,Makena,2
3374,Ioan,2
3375,Ivan,2
3376,Rahel,2
3377,Jason,1
3378,Eoin,2
3379,Aurel,2
3380,Thor,3
3381,Shanaya,3
3382,Bridget,2
3383,Rafael,1
3384,Vasile,1
3385,Eugenia,1
3386,Leila,1
3387,Leonid,1
3388,Jin,1
3389,Dimitris,1
3390,Shanaya,1
3391,Hamza,3
3392,Aoife,2
3393,Sven,1
3394,Traian,2
3395,Charlotte,2
3396,Fatima,2
3397,Chidi,2
3398,Ileana,2
3399,Arjun,2
3400,Yoo-jin,2
3401,Madalina,2
3402,Ahmad,2
3403,Penelope,3
3404,Andrey,1
3405,Ekaterina,3
3406,Lars,1
3407,Rania,2
3408,Stanislav,1
3409,Suda,2
3410,Miruna,2
3411,Lucia,3
3412,Mehmet,2
3413,Ruth,3
3414,Carmen,3
3415,Ahmad,3
3416,Maya,2
3417,Kenzo,3
3418,Mai,2
3419,Can,1
3420,Abigail,3
3421,Amir,3
3422,Yuna,1
3423,Trang,2
3424,Eugenia,1
3425,Gheorghe,3
3426,Haile,3
3427,Seung-hyun,3
3428,Hassan,1
3429,Dumitru,2
3430,Cyrus,3
3431,Finn,3
3432,Stela,1
3433,Hong,3
3434,Aoi,3
3435,Catalin,2
3436,Gheorghe,2
3437,Tiberiu,2
3438,Malik,3
3439,Hasan,3
3440,Maxim,2
3441,Gabriel,2
3442,Minh,3
3443,Vasilisa,3
3444,Aisha,3
3445,Daria,1
3446,Benjamin,3
3447,Ciprian,1
3448,Eugenia,3
3449,Olayinka,3
3450,Hirut,2
3451,Jin,1
3452,Babajide,1
3453,Myra,2
3454,Diego,2
3455,Olga,3
3456,Yang,2
3457,Wu,1
3458,Veronika,1
3459,Azita,2
3460,Tekle,3
3461,Arkady,1
3462,Aisha,3
3463,Samira,2
3464,Leila,1
3465,Tao,1
3466,Gabriel,3
3467,Adanna,3
3468,Thuy,2
3469,Rania,3
3470,Olga,2
3471,Ethan,2
3472,Cassandra,2
3473,Natalia,3
3474,Alexander,3
3475,Zinaida,1
3476,Astrid,2
3477,Divya,2
3478,Abena,3
3479,Omar,2
3480,Mei,2
3481,Dat,2
3482,Andrei,1
3483,Marina,2
3484,Oluwaseun,1
3485,Duc,3
3486,Ion,1
3487,Marius,2
3488,Nikolai,1
3489,Tigist,3
3490,Salma,3
3491,Dev,2
3492,Aoi,2
3493,Svetlana,2
3494,Florin,2
3495,Zeynep,3
3496,Amara,3
3497,Hana,3
3498,Tigist,2
3499,Jorge,3
3500,Caoimhe,2
3501,Ling,2
3502,Daria,3
3503,Rachid,2
3504,Anamaria,3
3505,Gheorghe,2
3506,Dana,3
3507,Cristina,1
3508,Dragos,2
3509,Ksenia,3
3510,Solomon,2
3511,Miriam,3
3512,Clara,2
3513,Ravi,2
3514,Valentina,3
3515,Zineb,3
3516,Sean,1
3517,Boris,3
3518,Leila,2
3519,Dmitri,1
3520,Britta,2
3521,Tamara,2
3522,Xia,3
3523,Irina,3
3524,Rahel,2
3525,Daniel,2
3526,Marina,2
3527,Andrey,3
3528,Suda,2
3529,Abigail,2
3530,Pavel,1
3531,Ingrid,3
3532,Leila,1
3533,Tekle,1
3534,Eun-ji,3
3535,Dmitri,2
3536,Babajide,3
3537,Ye-jin,3
3538,Meskerem,2
3539,Sanda,2
3540,Adela,2
3541,Advik,3
3542,Daphne,2
3543,Golnar,1
3544,Michael,3
3545,Chioma,2
3546,Priya,1
3547,Yuna,2
3548,Vitaly,3
3549,Margarita,1
3550,Kento,2
3551,Ibrahim,2
3552,Valentina,3
3553,Rania,3
3554,Mei,2
3555,Hatice,1
3556,Anastasia,3
3557,Layla,1
3558,Daria,3
3559,Javier,3
3560,Octavian,1
3561,Obinna,2
3562,Gabriel,1
3563,Victor,2
3564,Lyudmila,1
3565,Dawit,3
3566,Angela,2
3567,Chioma,3
3568,Kareem,2
3569,Fatma,3
3570,Cristina,2
3571,Kiet,3
3572,Nikita,2
3573,Maya,1
3574,Sebastian,3
3575,Anders,2
3576,Mayuri,2
3577,Irina,3
3578,Aanya,3
3579,Siobhan,1
3580,Atlas,3
3581,Dmitri,3
3582,Elizaveta,2
3583,Vivaan,2
3584,Abigail,2
3585,Dara,2
3586,Valeriu,3
3587,Mikhail,3
3588,Olga,1
3589,Mei,3
3590,Ksenia,3
3591,Hao,3
3592,Ileana,3
3593,Yuto,1
3594,Ahmet,3
3595,Jing,2
3596,Valentina,2
3597,Hieu,3
3598,Bridget,3
3599,Daria,2
3600,Esther,2
3601,Kwame,1
3602,Ratana,3
3603,Duc,1
3604,Mayuri,3
3605,Nadezhda,3
3606,Anna,2
3607,Noor,2
3608,Ebba,2
3609,Matteo,1
3610,Azar,2
3611,Tae-hyung,3
3612,Brandusa,2
3613,Min-jun,3
3614,Bahram,2
3615,Dumitru,2
3616,Ahmed,2
3617,Linnea,3
3618,Mateo,2
3619,Sanaa,2
3620,Marina,2
3621,Qing,2
3622,Ahmed,3
3623,Delia,1
3624,Pavel,3
3625,Anh,2
3626,Nur,1
3627,Phoebe,3
3628,Radu,3
3629,Bridget,3
3630,Makeda,2
3631,Ishaan,3
3632,Li,2
3633,Babajide,3
3634,Olayinka,2
3635,Kaveh,3
3636,Maxim,1
3637,Aoife,3
3638,Mihaela,2
3639,Zinaida,1
3640,Said,2
3641,Mongkut,2
3642,Makena,2
3643,Anamaria,2
3644,Hannah,1
3645,Olayinka,3
3646,Ciprian,2
3647,Jing,2
3648,Yasmin,3
3649,Hyun-woo,1
3650,Jin,3
3651,Matteo,2
3652,Grigory,3
3653,Da-eun,2
3654,Anastasiya,3
3655,Dragos,3
3656,Valentina,3
3657,Saoirse,2
3658,Daniel,3
3659,Oluwadamilare,2
3660,Sakura,3
3661,Luna,2
3662,Mei,3
3663,Said,3
3664,Mikhail,3
3665,Diego,3
3666,Ming,2
3667,Marina,3
3668,Daniela,2
3669,Joon-ho,2
3670,Mehdi,2
3671,Omar,2
3672,Can,2
3673,Jamal,1
3674,Dana,2
3675,Hina,1
3676,Makeda,3
3677,Tatiana,2
3678,Zhen,2
3679,Miruna,3
3680,Safiya,2
3681,Astrid,2
3682,Kidus,2
3683,Ali,2
3684,Ahmed,3
3685,William,2
3686,Quan,3
3687,Aisha,3
3688,Babajide,1
3689,Amani,2
3690,Olga,3
3691,Mehdi,2
3692,Fiona,3
3693,Joon-ho,2
3694,Stepan,2
3695,Aaradhya,3
3696,Stanislav,2
3697,Klaus,2
3698,Clara,1
3699,Melaku,2
3700,Tao,3
3701,Matteo,3
3702,Arjun,2
3703,Tao,1
3704,Benjamin,2
3705,Elena,2
3706,Ileana,2
3707,Valentina,2
3708,Hamza,3
3709,Arkady,2
3710,Yuki,2
3711,Ishaan,3
3712,Ethan,2
3713,Ravi,3
3714,Daphne,2
3715,Natasha,1
3716,Daniil,2
3717,Dana,3
3718,Sergiu,3
3719,Sora,2
3720,Cristian,2
3721,Thanh,2
3722,Rebecca,2
3723,Priya,1
3724,Camila,3
3725,Nanami,2
3726,Liam,1
3727,Natalia,3
3728,Sergiu,2
3729,Esra,3
3730,Adrian,2
3731,Qing,2
3732,Margarita,2
3733,Dorin,3
3734,Shanaya,2
3735,Chai,3
3736,Nikolai,2
3737,Axel,2
3738,Vladimir,3
3739,Vasilisa,2
3740,Omar,3
3741,Teodora,3
3742,Khalil,2
3743,Kareem,3
3744,Noor,2
3745,Chen,1
3746,Marina,2
3747,Yang,2
3748,Tendai,3
3749,Zineb,2
3750,Maria,3
3751,Dana,2
3752,Riya,1
3753,Sinead,1
3754,Ayse,3
3755,Emine,2
3756,Roya,2
3757,Said,2
3758,Amani,3
3759,Emine,1
3760,Karim,1
3761,Vitaly,3
3762,Jonathan,2
3763,Sara,3
3764,Oluwaseun,1
3765,Avani,2
3766,Ying,3
3767,Andrei,3
3768,Malik,3
3769,Klaus,2
3770,Ana,1
3771,Ion,2
3772,Laurentiu,3
3773,Samuel,2
3774,Ivan,2
3775,Helena,3
3776,Nasrin,3
3777,Nicoleta,3
3778,Erik,3
3779,Chidinma,2
3780,Houda,1
3781,Elsa,2
3782,Chukwudi,1
3783,Svetlana,2
3784,Chidi,2
3785,Aisha,3
3786,Santiago,2
3787,Kai,2
3788,Aisha,1
3789,Helena,3
3790,Chioma,1
3791,Sofia,2
3792,Melaku,3
3793,Abena,3
3794,Jabari,2
3795,Orion,2
3796,Nasrin,2
3797,Mihaela,3
3798,Maxim,2
3799,Adanna,2
3800,Jun,1
3801,Malai,3
3802,Corina,3
3803,Hamza,2
3804,Luis,3
3805,Gheorghe,2
3806,Hae-won,3
3807,Seo-yeon,3
3808,Leonid,3
3809,Oluwaseun,2
3810,Luminita,3
3811,Maria,3
3812,Ngoc,2
3813,Luna,2
3814,Ali,2
3815,Krishna,3
3816,Jabari,2
3817,Wei,2
3818,Sakda,1
3819,Ebba,2
3820,Andreea,3
3821,Gabriel,3
3822,Elizaveta,3
3823,Oscar,1
3824,Layla,3
3825,Ali,2
3826,Freja,1
3827,Yamato,3
3828,Zeynep,2
3829,Jin,2
3830,Daniel,2
3831,Simona,1
3832,Leila,3
3833,Orion,3
3834,Khalil,2
3835,Ahmed,2
3836,Ion,3
3837,Do-yoon,2
3838,Constantin,2
3839,Hana,2
3840,Aaradhya,1
3841,Conor,3
3842,Hong,3
3843,Sanda,2
3844,Chioma,3
3845,Irina,2
3846,Zhen,2
3847,Sofia,2
3848,Alisa,3
3849,Calliope,3
3850,Adanna,2
3851,Cyrus,2
3852,Oluwadare,3
3853,Gustav,2
3854,Galina,2
3855,Maryam,3
3856,Camila,3
3857,Yoo-jin,3
3858,Dumitru,3
3859,Hao,2
3860,Anders,2
3861,Naomi,2
3862,Folami,2
3863,Mei,3
3864,Linnea,2
3865,Mustafa,1
3866,Ioana,3
3867,Daciana,2
3868,Nicolae,2
3869,Fatima,2
3870,Erik,1
3871,Traian,2
3872,Liviu,2
3873,Ioan,3
3874,Michael,2
3875,Samira,2
3876,Eun-ji,2
3877,Laurentiu,2
3878,Liam,1
3879,Elizaveta,3
3880,Vihaan,3
3881,Adriana,1
3882,Anamaria,2
3883,Ayse,3
3884,Leila,3
3885,Sean,3
3886,Liviu,2
3887,Sara,2
3888,Alexei,1
3889,Karim,3
3890,Anh,3
3891,Ngoc,3
3892,Yuki,2
3893,Tatiana,3
3894,Dumitru,1
3895,Traian,1
3896,Hiroto,2
3897,Irina,3
3898,Daniel,3
3899,Thuy,2
3900,Miruna,1
3901,Dorin,2
3902,Adanna,3
3903,Stavros,2
3904,Oleg,2
3905,Henrik,3
3906,Babajide,1
3907,Ilya,1
3908,Folami,2
3909,Leonidas,3
3910,Zahra,2
3911,Irina,1
3912,Amine,1
3913,Ion,3
3914,Marina,3
3915,Tudor,3
3916,Riya,2
3917,Stefan,3
3918,Fyodor,2
3919,Patrick,2
3920,Pensri,3
3921,Rania,2
3922,Ayse,1
3923,Hina,2
3924,Cian,2
3925,Layla,3
3926,Adriana,3
3927,Ling,1
3928,Kirill,3
3929,Huong,2
3930,Diego,2
3931,Marius,1
3932,Tewodros,3
3933,Tiberiu,3
3934,Fatima,1
3935,Sinead,2
3936,Adela,1
3937,Kento,3
3938,Adanna,1
3939,Reyansh,3
3940,Valentina,2
3941,Pranee,2
3942,Eugen,1
3943,Dat,2
3944,Radu,2
3945,Daniil,3
3946,Conor,3
3947,Sofiya,2
3948,Gheorghe,2
3949,Hoa,2
3950,Thor,1
3951,Adanna,2
3952,Kareem,3
3953,Amir,3
3954,Tigist,1
3955,Razvan,1
3956,Lucia,1
3957,Ioan,2
3958,Alexandru,2
3959,Dorin,1
3960,Qing,2
3961,Myra,1
3962,Kabir,3
3963,Miu,3
3964,Ksenia,2
3965,Adam,2
3966,Anika,3
3967,Omar,2
3968,Aoife,2
3969,Elena,1
3970,Monica,2
3971,Elsa,3
3972,Eugen,1
3973,Adanna,2
3974,Olga,3
3975,Yulia,2
3976,Reyansh,3
3977,Ecaterina,3
3978,Lyudmila,3
3979,Layla,3
3980,Miguel,1
3981,Amine,3
3982,Stela,2
3983,Li,2
3984,Florin,2
3985,Brandusa,3
3986,Jason,3
3987,Hassan,2
3988,Mihai,2
3989,Noah,1
3990,Elena,3
3991,Niamh,3
3992,Luis,3
3993,Cristina,2
3994,Niran,3
3995,Nikolai,1
3996,Octavian,2
3997,Elena,1
3998,Azar,2
3999,Nils,3
4000,Tamara,2
4001,Haile,3
4002,Britta,3
4003,Simona,3
4004,Sora,3
4005,Pavel,2
4006,Eden,1
4007,Ioan,2
4008,Thanos,3
4009,Stepan,3
4010,Mei,2
4011,Arjun,3
4012,Amara,2
4013,Valentina,1
4014,Aisha,2
4015,Amara,3
4016,Kaveh,3
4017,Florin,3
4018,Nikita,2
4019,Amira,2
4020,Miguel,2
4021,Jin-woo,2
4022,Klaus,3
4023,Ion,3
4024,Marina,3
4025,Stela,1
4026,Elena,3
4027,Sergiu,1
4028,Adanna,2
4029,Dumitru,3
4030,Saoirse,2
4031,Cian,3
4032,Kwame,2
4033,Elizaveta,2
4034,Nadia,1
4035,Bridget,3
4036,Ngoc,2
4037,Pavel,3
4038,Fatima,2
4039,Ingrid,2
4040,Perseus,2
4041,Leila,3
4042,William,2
4043,Igor,2
4044,Elena,3
4045,Vasilisa,3
4046,Hae-won,1
4047,Karim,3
4048,Mihai,2
4049,Hassan,1
4050,Dara,3
4051,Athena,2
4052,Kofi,3
4053,Ileana,3
4054,Stepan,2
4055,Roya,1
4056,Kirill,2
4057,Zara,2
4058,Elena,3
4059,Ludmila,3
4060,Lalita,3
4061,Mongkut,1
4062,Sota,1
4063,Leila,3
4064,Fatima,3
4065,Sebastian,2
4066,William,2
4067,Chidi,3
4068,Ali,2
4069,Ilya,3
4070,Chidinma,2
4071,Larisa,1
4072,Astrid,3
4073,Shaurya,2
4074,Min-ho,3
4075,Avani,2
4076,Thor,2
4077,Feng,2
4078,Amine,1
4079,Noor,2
4080,Petru,2
4081,Hae-won,1
4082,Sebastian,1
4083,Anika,1
4084,Vihaan,3
4085,Jabari,1
4086,Raisa,3
4087,Ali,2
4088,Petru,1
4089,Saki,2
4090,Valentina,2
4091,Hieu,1
4092,Fatima,2
4093,Charlotte,3
4094,Apollo,2
4095,Zineb,3
4096,Esra,2
4097,Rostam,1
4098,Zeynep,2
4099,Vasilisa,1
4100,Margarita,2
4101,Saki,2
4102,Penelope,2
4103,Hassan,1
4104,Tatiana,3
4105,Carmen,2
4106,Pranee,3
4107,Soo-jin,2
4108,Tendai,1
4109,Finn,2
4110,Diana,2
4111,Roxana,3
4112,Aoi,2
4113,Ahmet,3
4114,Sorin,2
4115,Vivaan,3
4116,Do-yoon,2
4117,Elena,2
4118,Carmen,2
4119,Aisha,2
4120,Benjamin,1
4121,Arkady,3
4122,Jin-woo,2
4123,Mehmet,3
4124,Sebastian,2
4125,Penelope,2
4126,Olayinka,3
4127,Jing,2
4128,Ishaan,2
4129,Daniil,2
4130,Melaku,2
4131,Matteo,2
4132,Min-jun,3
4133,Rodica,2
4134,Ivan,2
4135,Brendan,2
4136,Hao,2
4137,Dalia,3
4138,Isabella,3
4139,Patrick,3
4140,Maya,3
4141,Esra,1
4142,Ethan,2
4143,Vitaly,1
4144,Dev,2
4145,Ion,2
4146,Aanya,2
4147,Aisha,2
4148,Carlos,2
4149,Stela,2
4150,Xia,2
4151,Marina,1
4152,Aoife,2
4153,Sofia,2
4154,Zara,1
4155,Ayaka,2
4156,Cyrus,3
4157,Samira,3
4158,Sergiu,2
4159,Hyun-woo,3
4160,Bahram,3
4161,Jamshid,1
4162,Anika,2
4163,Ghita,3
4164,Anamaria,3
4165,Min-jun,3
4166,Helena,1
4167,Safiya,2
4168,Hao,1
4169,Vladimir,2
4170,Artem,3
4171,Dorin,2
4172,Rostam,2
4173,Leonid,2
4174,Ekaterina,3
4175,Kiet,2
4176,Sakura,2
4177,Arjun,3
4178,Olayinka,2
4179,Shirin,3
4180,Gabriela,3
4181,Arash,3
4182,Ji-woo,2
4183,Ye-jin,2
4184,Oliver,1
4185,Yuna,3
4186,Ying,3
4187,Kai,1
4188,Ekaterina,2
4189,Chidi,1
4190,Felix,3
4191,Andrey,2
4192,Tatiana,2
4193,Liam,1
4194,Tendai,2
4195,Elif,2
4196,Esther,3
4197,Tigist,1
4198,Alexandru,1
4199,Benjamin,2
4200,Monica,1
4201,Ana,2
4202,Raisa,1
4203,Lyra,2
4204,Luna,1
4205,Magnus,2
4206,Noor,2
4207,Zhen,2
4208,Igor,2
4209,Axel,2
4210,Cian,2
4211,Sanda,3
4212,Babajide,3
4213,Natasha,3
4214,Gustav,1
4215,Arkady,3
4216,Tiberiu,1
4217,Delia,3
4218,Koki,2
4219,Niamh,3
4220,Olga,1
4221,Derya,3
4222,Chidinma,2
4223,Rahel,3
4224,Patrick,2
4225,Cosmin,3
4226,Nasrin,2
4227,Pensri,3
4228,Dat,3
4229,Jamshid,2
4230,Mihai,2
4231,William,2
4232,Kofi,2
4233,Solomon,3
4234,Ionut,1
4235,Hae-won,1
4236,Yulia,3
4237,Sophia,2
4238,So-yeon,2
4239,Bridget,2
4240,Azar,2
4241,Ali,2
4242,Liliana,3
4243,Klaus,2
4244,Krishna,2
4245,Lalita,2
4246,Oluwaseun,1
4247,Aisha,2
4248,Radu,2
4249,Freja,3
4250,Dung,2
4251,Thor,3
4252,Alexander,2
4253,Angela,3
4254,Parisa,1
4255,Mina,3
4256,Nikolai,2
4257,Tendai,3
4258,Ayaka,2
4259,Elif,2
4260,Mehdi,3
4261,Valeriu,3
4262,Pavel,2
4263,Nur,2
4264,Boris,3
4265,Folami,3
4266,Jing,3
4267,Darius,2
4268,Zaid,2
4269,Ye-jin,1
4270,Anh,1
4271,Amine,2
4272,Mirela,3
4273,Zara,2
4274,Zaid,2
4275,Lucian,2
4276,Tiberiu,1
4277,Meskerem,1
4278,So-yeon,3
4279,Aanya,3
4280,Thor,2
4281,Yuri,3
4282,Advait,2
4283,Gheorghe,3
4284,Minh,3
4285,Sebastian,2
4286,Oliver,3
4287,Elena,2
4288,Amira,3
4289,Haile,2
4290,Ana,2
4291,Irina,2
4292,Bahram,2
4293,Valentin,3
4294,Tudor,3
4295,Luminita,3
4296,Anastasiya,2
4297,Chidinma,2
4298,Valentina,3
4299,Dmitri,2
4300,Elena,2
4301,Ali,2
4302,Olayinka,1
4303,Irina,1
4304,Thuy,2
4305,Ibrahim,2
4306,Marius,1
4307,Oliver,3
4308,Doina,2
4309,Mei,2
4310,Aisha,2
4311,Rachid,3
4312,Ekaterina,1
4313,Ecaterina,3
4314,Marina,2
4315,Emine,2
4316,Babak,2
4317,Aurel,3
4318,Jin,2
4319,Ileana,2
4320,Catalin,2
4321,Miriam,2
4322,Valeriu,2
4323,Aisha,1
4324,Zuri,2
4325,Henrik,2
4326,Daciana,2
4327,Andreea,2
4328,Ibrahim,3
4329,Jamal,2
4330,Hina,2
4331,Seo-yeon,1
4332,Amine,3
4333,Ahmad,2
4334,Malik,1
4335,Mariana,1
4336,Daciana,3
4337,Phuc,2
4338,Mikhail,2
4339,Zaid,2
4340,Ethan,2
4341,Maya,3
4342,Daniela,2
4343,Raisa,3
4344,Hassan,3
4345,Ivan,2
4346,Qing,3
4347,Liam,3
4348,Salma,1
4349,Felix,3
4350,Meskerem,1
4351,Raluca,2
4352,Timofey,2
4353,Min-seo,3
4354,Da-eun,3
4355,Kofi,3
4356,Phuc,2
4357,David,3
4358,Yuna,1
4359,Ekaterina,1
4360,Osman,3
4361,Felix,2
4362,Mongkut,3
4363,Aanya,3
4364,Yusuf,2
4365,Naomi,2
4366,Charlotte,2
4367,Dung,2
4368,Tao,2
4369,Ying,2
4370,Hamza,3
4371,Safiya,1
4372,Thor,3
4373,Mehmet,3
4374,Cosmina,2
4375,Aoife,3
4376,Mehdi,3
4377,Helena,3
4378,Yui,2
4379,Mai,1
4380,Calliope,3
4381,Zara,2
4382,Chen,2
4383,Hassan,2
4384,Oscar,1
4385,Ravi,3
4386,Ruth,3
4387,Ali,3
4388,Arash,2
4389,Adela,1
4390,Vasile,2
4391,Polina,2
4392,Aoi,2
4393,Dawit,3
4394,Yui,1
4395,Gabriel,2
4396,Ahmed,1
4397,Li,2
4398,Yaroslav,3
4399,Hyun-woo,2
4400,Quan,2
4401,Thanos,1
4402,Pichai,3
4403,Anastasia,2
4404,Britta,1
4405,Ye-jin,2
4406,Perseus,2
4407,Nicoleta,2
4408,Vladimir,2
4409,Mikhail,2
4410,Liam,3
4411,Ali,3
4412,Tendai,3
4413,Can,2
4414,Katya,2
4415,Svetlana,2
4416,Marina,3
4417,Constantin,3
4418,Stanislav,3
4419,Stepan,2
4420,Anya,2
4421,Lars,2
4422,Athena,2
4423,Miguel,3
4424,Calliope,3
4425,Bridget,1
4426,Jamal,1
4427,Ruth,2
4428,Anaya,2
4429,Li,1
4430,Sven,2
4431,Dorin,3
4432,Leonidas,2
4433,Hieu,3
4434,Makena,2
4435,Zara,3
4436,Aoife,1
4437,Cassandra,2
4438,Leah,2
4439,Raluca,3
4440,Irina,2
4441,Andrey,3
4442,Sakda,3
4443,Boris,2
4444,Natasha,3
4445,Corina,2
4446,Lin,3
4447,Penelope,3
4448,Nanami,2
4449,Ji-woo,1
4450,Luis,1
4451,Malik,2
4452,Diana,3
4453,Ali,2
4454,Olga,2
4455,Hieu,3
4456,Hung,3
4457,Adriana,1
4458,Azita,1
4459,Naomi,1
4460,Nikita,2
4461,Hassan,2
4462,Dimitris,2
4463,Ming,2
4464,Emma,3
4465,Huong,1
4466,Derya,2
4467,Mihai,1
4468,David,1
4469,Alexander,3
4470,Daniel,2
4471,Ming,2
4472,Adriana,3
4473,Ingrid,2
4474,Advik,3
4475,Qing,2
4476,Arthit,3
4477,Kabir,2
4478,Silvia,2
4479,Vasile,1
4480,Parisa,2
4481,Adebola,2
4482,Aisha,1
4483,Hyun-woo,3
4484,Niran,3
4485,Ionut,3
4486,Raluca,2
4487,Daniel,2
4488,Jin,2
4489,Feng,3
4490,Yui,1
4491,Solomon,2
4492,Orion,1
4493,Jing,2
4494,Dung,3
4495,Cosmin,2
4496,Makeda,1
4497,Teodora,3
4498,Marina,1
4499,Gustav,2
4500,Marina,3
4501,Cosmin,2
4502,Nikita,3
4503,Trang,2
4504,Artem,1
4505,Valentina,2
4506,Natasha,1
4507,Silvia,3
4508,Hye-jin,2
4509,Alisa,3
4510,Ioan,3
4511,Can,2
4512,Carlos,3
4513,Mina,1
4514,Ekaterina,1
4515,Stanislav,3
4516,Pranee,2
4517,Anika,2
4518,Jabari,3
4519,Arjun,2
4520,Larisa,2
4521,Jun,2
4522,Fatima,3
4523,Priya,3
4524,Chioma,2
4525,Hao,2
4526,Hiroshi,2
4527,Anders,1
4528,Hana,3
4529,Ali,2
4530,Zaid,3
4531,Grigory,1
4532,Jin,2
4533,Somchai,3
4534,Clara,2
4535,Grigory,2
4536,Carmen,2
4537,Malika,3
4538,Myra,3
4539,Mariana,2
4540,Doina,3
4541,Michael,2
4542,Astrid,3
4543,Saki,3
4544,Vasile,3
4545,Anika,2
4546,Kento,3
4547,Sean,3
4548,Vitaly,2
4549,Seung-hyun,2
4550,Aoi,2
4551,Atlas,2
4552,Magnus,1
4553,Noah,3
4554,Parviz,1
4555,Vladimir,2
4556,Mustafa,1
4557,Caoimhe,1
4558,Sofiya,1
4559,Esra,3
4560,Jamal,3
4561,Gheorghe,2
4562,Clara,3
4563,Saki,3
4564,Miu,2
4565,Kareem,2
4566,Trang,3
4567,Clara,1
4568,Mariana,1
4569,Gheorghe,2
4570,Yuri,3
4571,Tatiana,2
4572,Jorge,1
4573,Chai,3
4574,Shaurya,2
4575,Hiroto,1
4576,Jorge,3
4577,Ali,2
4578,Ibrahim,3
4579,Daniela,2
4580,Tendai,1
4581,Adebola,2
4582,Reda,2
4583,Vladimir,3
4584,Cosmina,1
4585,Abena,2
4586,Silvia,3
4587,Diana,2
4588,Ahmet,2
4589,Parisa,2
4590,Temitope,2
4591,Chukwudi,2
4592,Leonid,2
4593,Nadezhda,2
4594,Samuel,1
4595,Ahmed,1
4596,Alexander,1
4597,Anya,2
4598,Helena,1
4599,Said,3
4600,Ksenia,2
4601,Feng,1
4602,Haile,2
4603,Carlos,3
4604,Oluwaseun,1
4605,Hae-won,3
4606,Kabir,2
4607,Anya,3
4608,Daniel,2
4609,Roxana,3
4610,Victoria,3
4611,Van,2
4612,Aisha,3
4613,Yan,2
4614,Niamh,1
4615,Thanh,3
4616,Adanna,1
4617,Aisha,2
4618,Rachid,3
4619,Mirela,3
4620,Min-seo,2
4621,Phoebe,1
4622,Stavros,2
4623,Jorge,3
4624,Pavel,2
4625,Yoo-jin,2
4626,Somchai,3
4627,Ahmad,3
4628,Niran,2
4629,Adela,1
4630,Siobhan,3
4631,Mei,3
4632,Doina,2
4633,Cristina,2
4634,Arkady,3
4635,Miriam,2
4636,Fatima,3
4637,Seo-yeon,3
4638,Kirill,3
4639,Alexandru,1
4640,Bahram,3
4641,Valentina,2
4642,Ling,2
4643,Ekaterina,2
4644,Alisa,2
4645,Mia,3
4646,Myra,3
4647,Sanda,3
4648,Aisha,1
4649,Ishaan,2
4650,Amine,3
4651,Mihaela,2
4652,Aisha,2
4653,Eileen,2
4654,Eoin,1
4655,Carmen,1
4656,Natalia,2
4657,Mayuri,3
4658,Wu,2
4659,Abdullah,2
4660,Hiroto,2
4661,Vladimir,3
4662,Qing,2
4663,Vladimir,1
4664,Maxim,2
4665,Qing,2
4666,Jamal,3
4667,Ciprian,1
4668,Raisa,3
4669,Diego,2
4670,Kirill,3
4671,Mina,3
4672,Senait,1
4673,Mongkut,3
4674,Yuto,1
4675,Liam,3
4676,Arkady,3
4677,Hiroshi,3
4678,Mustafa,1
4679,Omar,3
4680,Maja,1
4681,Yaroslav,3
4682,Natasha,2
4683,Sakda,3
4684,Vasile,2
4685,Sanaa,3
4686,Advait,3
4687,Zara,1
4688,Atlas,2
4689,Min-ho,2
4690,Folami,3
4691,Do-yoon,2
4692,Jin,1
4693,Mei,2
4694,Seung-hyun,2
4695,Yohannes,2
4696,Quan,2
4697,Kareem,2
4698,Tao,1
4699,Daniela,2
4700,Sergiu,1
4701,Larisa,3
4702,Ludmila,3
4703,Alina,3
4704,Fyodor,2
4705,Seung-hyun,3
4706,Hamza,1
4707,Dumitru,2
4708,Cassandra,2
4709,Priya,3
4710,Ivan,1
4711,Vasile,2
4712,Raisa,2
4713,Diana,3
4714,Khalil,3
4715,Rebecca,2
4716,Noor,1
4717,Kabir,1
4718,Dara,3
4719,Anika,3
4720,Radu,1
4721,Gabriela,2
4722,Roya,1
4723,Maryam,3
4724,Ion,3
4725,Axel,3
4726,Chioma,2
4727,Yulia,3
4728,Carmen,3
4729,Constantin,2
4730,Marius,2
4731,Corina,2
4732,Joon-ho,2
4733,Leila,3
4734,Marina,2
4735,Daniel,3
4736,Marina,3
4737,Pranee,3
4738,Sophia,1
4739,Nicoleta,2
4740,Karim,3
4741,Isabel,2
4742,Laurentiu,3
4743,Daniel,1
4744,Nanami,3
4745,Yan,3
4746,Zinaida,1
4747,Ngoc,3
4748,Somchai,3
4749,Ibrahim,3
4750,Anya,3
4751,Babak,1
4752,Adrian,2
4753,Zaid,2
4754,Tamara,2
4755,Folake,3
4756,Athena,2
4757,Obinna,3
4758,Andreas,1
4759,Lin,2
4760,Chukwudi,1
4761,Rania,3
4762,Salma,3
4763,Wei,2
4764,Omar,2
4765,Petru,3
4766,Mei,2
4767,Elsa,2
4768,Eun-ji,2
4769,Rachel,3
4770,Vitaly,2
4771,Ludmila,2
4772,Yoo-jin,1
4773,Mohammed,1
4774,Aarav,1
4775,Cosmina,2
4776,Zuri,3
4777,Ali,3
4778,Chidi,3
4779,Athena,3
4780,Aisha,2
4781,Fatima,2
4782,Dev,2
4783,Svetlana,1
4784,Kai,2
4785,Elsa,2
4786,Nikita,1
4787,Rodica,2
4788,Ileana,3
4789,Erik,3
4790,Ebba,1
4791,Merve,2
4792,Zineb,3
4793,Sophia,2
4794,Anders,3
4795,Shirin,2
4796,Sophia,2
4797,Samuel,3
4798,Sinead,2
4799,Ivan,2
4800,Kidus,3
4801,Mei,1
4802,Rania,3
4803,Ming,3
4804,Folake,3
4805,Emma,2
4806,Melaku,2
4807,Joseph,3
4808,Nils,1
4809,Tatiana,1
4810,Lucian,3
4811,Saoirse,3
4812,Eden,2
4813,Sergiu,1
4814,Amir,2
4815,Ionut,3
4816,Margarita,2
4817,Samuel,3
4818,Pranee,1
4819,Siobhan,2
4820,Riya,2
4821,Ahmed,3
4822,Emma,1
4823,Lin,3
4824,Eileen,2
4825,Ibrahim,2
4826,Caoimhe,2
4827,Maja,3
4828,Stanislav,2
4829,Hoa,2
4830,Dimitris,1
4831,Cosmina,3
4832,Oluwaseun,1
4833,Noor,3
4834,Youssef,1
4835,Koki,1
4836,Adrian,3
4837,Tiberiu,3
4838,Sota,2
4839,Sakda,2
4840,Laurentiu,3
4841,Aanya,3
4842,Samuel,2
4843,Tamara,3
4844,Pranee,2
4845,Sergei,2
4846,Rania,3
4847,Amira,2
4848,Linh,3
4849,Igor,1
4850,Malika,1
4851,Aisha,3
4852,Alexandru,3
4853,Stela,3
4854,Daphne,2
4855,Aisha,3
4856,Yuri,1
4857,Hung,3
4858,Victor,2
4859,Darius,2
4860,Mongkut,1
4861,Adanna,3
4862,Sarah,3
4863,Daciana,1
4864,Teodora,2
4865,Solomon,3
4866,Pavel,2
4867,Valentina,1
4868,Sora,1
4869,Pavel,1
4870,Sara,3
4871,Babajide,3
4872,Soo-jin,3
4873,Raisa,2
4874,Aisha,1
4875,Natasha,3
4876,Joseph,2
4877,Folake,2
4878,Xia,3
4879,Elena,2
4880,Aurel,2
4881,Katya,2
4882,Mariana,3
4883,Cristina,2
4884,So-yeon,2
4885,Olga,2
4886,Nasrin,3
4887,Kofi,2
4888,Tatiana,1
4889,Tigist,2
4890,Daniela,3
4891,Victor,2
4892,Jamal,2
4893,Seung-hyun,2
4894,Rachel,1
4895,Hye-jin,2
4896,Svetlana,2
4897,Abena,2
4898,Fatima,1
4899,Hoa,3
4900,Linnea,2
4901,Hirut,3
4902,Aaradhya,2
4903,Erik,2
4904,Jabari,3
4905,Yan,2
4906,Arkady,2
4907,Axel,2
4908,Mohammed,2
4909,Liliana,1
4910,Apollo,3
4911,Wei,2
4912,Oluwadare,3
4913,Anna,2
4914,Olayinka,3
4915,Siobhan,2
4916,Gabriela,2
4917,Marina,3
4918,Yusuf,3
4919,Olga,3
4920,Aisha,2
4921,Andrei,2
4922,Linnea,2
4923,Malik,2
4924,Vasile,2
4925,Olga,3
4926,Oliver,3
4927,Ekaterina,3
4928,Linnea,3
4929,Octavian,2
4930,Haile,1
4931,Nadezhda,3
4932,Jonathan,3
4933,Victor,3
4934,Haile,2
4935,Nicolae,3
4936,Olga,2
4937,Seung-hyun,1
4938,Artem,1
4939,Valentina,3
4940,Pranee,3
4941,Ravi,1
4942,Adanna,2
4943,Zara,2
4944,Abena,1
4945,Teodora,1
4946,Rostam,1
4947,Daniil,3
4948,Sanaa,2
4949,Rania,2
4950,Kai,1
4951,Lars,2
4952,Abdullah,2
4953,Sofiya,1
4954,Ana,1
4955,Roisin,2
4956,Eun-ji,3
4957,Helga,3
4958,Getachew,2
4959,Tao,3
4960,Amani,1
4961,Eden,2
4962,Rahel,1
4963,Saoirse,3
4964,Daciana,3
4965,Margarita,1
4966,Makena,2
4967,Elif,1
4968,Meskerem,2
4969,Luminita,3
4970,Elena,3
4971,Daphne,2
4972,Javier,3
4973,Mei,3
4974,Mihai,3
4975,Avani,3
4976,Delia,1
4977,Sergey,2
4978,Mei,3
4979,Chidinma,2
4980,Ibrahim,2
4981,Dev,2
4982,Yohannes,3
4983,Eden,1
4984,Vivaan,1
4985,So-yeon,2
4986,Gheorghe,3
4987,Hasan,3
4988,Ibrahim,2
4989,Adriana,3
4990,Elena,3
4991,Alina,1
4992,Divya,2
4993,Hye-jin,2
4994,Cosmina,1
4995,Nicolae,1
4996,Ling,2
4997,Trang,2
4998,Huong,2
4999,Dumitru,2
5000,Larisa,2
